,encoding_dim,hidden_size,num_epochs,val_loss,val_acc,val_mean_squared_error,val_binary_accuracy,val_binary_crossentropy,val_kullback_leibler_divergence,loss,acc,mean_squared_error,binary_accuracy,binary_crossentropy,kullback_leibler_divergence,mean_correlation,no_hidden_layers,elapsed_time,description
0,9.0,100.0,99.0,0.2273745807450037,0.91185694146053,0.06666264598350657,0.91185694146053,0.22398788275113746,173.4374419681143,0.22427518494536405,0.9127456689703052,0.06583385361575064,0.9127456689703052,0.22084314520335405,170.294899117453,0.3558833851817708,1.0,,
1,10.0,100.0,99.0,0.2258543456323915,0.9125230800606164,0.06616021148648811,0.9125230800606164,0.22243835642955367,170.85781674336857,0.2227739549104976,0.9133815953046576,0.06535472115428874,0.9133815953046576,0.2193405738971788,168.908047516907,0.3625544594075545,1.0,,
2,3.0,100.0,79.0,0.2531617049420173,0.9014420074514315,0.07472748945166299,0.9014420074514315,0.2511349346727262,194.66797654909988,0.25099904139252355,0.9021481785688059,0.07411195805381735,0.9021481785688059,0.2489442875400212,192.507454813372,0.27523376516432474,1.0,,
3,4.0,100.0,99.0,0.2469115116301212,0.9033454380933056,0.0730196349950553,0.9033454380933056,0.24488551797893224,188.57979917494103,0.2448036063768004,0.9040038440036732,0.072441190358912,0.9040038440036732,0.2427712323912089,187.40280604433727,0.29648817066309824,1.0,,
4,5.0,100.0,99.0,0.2419980718688317,0.9055615999346234,0.07140205813303667,0.9055615999346234,0.2396648915716817,185.59912086306824,0.2398398148581249,0.9062196108391676,0.0708247414821325,0.9062196108391676,0.2374858289062256,183.3124637510577,0.31177107037742674,1.0,,
5,6.0,100.0,99.0,0.23791009509110025,0.9073492807382336,0.07008075135355106,0.9073492807382336,0.2352847342056097,181.6932903144701,0.2355025402976469,0.9080168720707068,0.0694414199176761,0.9080168720707068,0.23287925768686202,179.74099807511277,0.32546075517300044,1.0,,
6,7.0,100.0,99.0,0.2350344967314069,0.9082227374879456,0.06926869796943251,0.9082227374879456,0.2323221796900249,178.82806266450402,0.2327063941156333,0.908923995170852,0.06865294568262906,0.908923995170852,0.2299742989723751,177.20923809443605,0.33541045865890584,1.0,,
7,8.0,100.0,99.0,0.2307036917773244,0.9102313918739084,0.06782305587870488,0.9102313918739084,0.22762505306782035,174.83364476592826,0.2279654689790831,0.9110191951286338,0.0670942062187714,0.9110191951286338,0.22488201052121493,173.39608081429878,0.34764305300374115,1.0,,
8,1.0,100.0,79.0,0.2704593315168132,0.8962626586869524,0.07941962019448448,0.8962626586869524,0.2686097106568562,209.8285866940773,0.2692978121504602,0.8966511638336524,0.07909749110844615,0.8966511638336524,0.2674491629622916,208.94960772137955,0.19794747028306167,1.0,,
9,2.0,100.0,88.0,0.2592865317787295,0.8993353912505497,0.07649664251948987,0.8993353912505497,0.2575168172298398,199.4396465406202,0.2578917131975017,0.8999114060816941,0.0760912826188555,0.8999114060816941,0.256131375071469,198.80230742998558,0.2515295483394248,1.0,,
10,11.0,100.0,98.0,0.22355401473631925,0.9136619350344272,0.0653830340326722,0.9136619350344272,0.2199164609482613,169.85083431708566,0.22013657571852946,0.9145852225032516,0.06449201266101386,0.9145852225032516,0.21649306921594674,166.71669254376258,0.3687468220142748,1.0,,
11,12.0,100.0,99.0,0.22104375045863148,0.9145540165338714,0.06463918620052392,0.9145540165338714,0.21737425718160566,166.78224137902663,0.21781098560401352,0.9154425971151692,0.06378733722912441,0.9154425971151692,0.21411706183851545,164.78012394508158,0.37682361642102,1.0,,
12,13.0,100.0,99.0,0.21881050913306346,0.9155576349050882,0.06387391898298585,0.9155576349050882,0.21487745963069305,166.2466284129731,0.21505992800832752,0.9165815420928334,0.06288929822277918,0.9165815420928334,0.2111124313941226,162.39053509885963,0.3823698168311152,1.0,,
13,14.0,100.0,99.0,0.21701395925875167,0.9162607251306424,0.06335010959923296,0.9162607251306424,0.2131030038135466,164.19884622102754,0.21346744303755213,0.9172953281542588,0.06238975346700488,0.9172953281542588,0.2095103295518976,161.05043272240894,0.387723399188734,1.0,,
14,15.0,100.0,99.0,0.21557541357736265,0.9168902645388876,0.06286888717959349,0.9168902645388876,0.21157404409186106,163.70282801709385,0.21221254040966708,0.9178215590169259,0.06197479166635068,0.9178215590169259,0.20819549787382646,160.06022407666717,0.3911660427129805,1.0,,
15,16.0,100.0,99.0,0.21393349059051656,0.9176550626697366,0.06227918906593816,0.9176550626697366,0.20969425782625872,161.836685398122,0.2103068725915085,0.9186498106829284,0.06134251202649915,0.9186498106829284,0.2060513018004012,158.25357312088147,0.3955126229932157,1.0,,
16,17.0,100.0,99.0,0.21267780899628452,0.9182346508373248,0.06189698213294372,0.9182346508373248,0.2084438518127341,160.02861652107956,0.20907470957875984,0.9191944118933192,0.06095351061356965,0.9191944118933192,0.20482642147415286,157.33260485757626,0.3996180144130489,1.0,,
17,18.0,100.0,99.0,0.21142683805871826,0.9187600487978572,0.06147353918393415,0.9187600487978572,0.2070726105425871,158.67639835451334,0.2079750176402359,0.9197143264390856,0.06056685543434051,0.9197143264390856,0.20359621473303088,156.2764558452405,0.4023407515536474,1.0,,
18,19.0,100.0,99.0,0.21136860479284608,0.9189336770993904,0.061414671977322775,0.9189336770993904,0.20699366864299454,159.38686504777257,0.20751170725335727,0.9200203344575744,0.06039885531502918,0.9200203344575744,0.20315038781574768,156.0105838067266,0.403920999439733,1.0,,
19,20.0,100.0,99.0,0.21000953503222086,0.9193608877747232,0.0610086189384752,0.9193608877747232,0.20559398204045165,158.01325900317042,0.2065832356130331,0.920264090418742,0.06012888600438322,0.920264090418742,0.2021671617013569,155.1746168154238,0.4067239542449397,1.0,,
20,20.0,50.0,99.0,0.21701925761520605,0.9164566427684484,0.06327336528694967,0.9164566427684484,0.213398444600902,164.72518829360396,0.2150118873162949,0.9170180361993407,0.06275406014770574,0.9170180361993407,0.2113680021724003,162.82927767149226,0.3857628456460912,1.0,,
21,20.0,200.0,99.0,0.20718767167314286,0.9209114721203632,0.0598548623834112,0.9209114721203632,0.20158156149222065,155.54958591305066,0.20045150435836528,0.9227676822203632,0.05806832043167361,0.9227676822203632,0.19481619719052085,149.25015471571115,0.4167773404255012,1.0,,
22,20.0,100.0,99.0,0.20994670560254347,0.9196401597045052,0.06089822953790211,0.9196401597045052,0.2053181445262842,157.64658019314263,0.2062994692092409,0.9206536935938948,0.059940887591318985,0.9206536935938948,0.2016680305132359,154.85120675591293,0.407625777148552,1.0,,
23,20.0,100.0,80.0,0.2068276088787032,0.919200239017369,0.06105327594758056,0.919200239017369,0.20541977697143085,157.61774711039533,0.202310710143179,0.9204717454074348,0.05988706986228628,0.9204717454074348,0.20090499557408065,153.99961101342183,0.40585791567599416,1.0,,
24,20.0,100.0,84.0,0.20626412010072345,0.9195380806406358,0.06088363487393625,0.9195380806406358,0.20491692101834885,158.15754859568008,0.2017248898415221,0.920775552325879,0.05971322293103841,0.920775552325879,0.2003800252218635,153.642104777576,0.407382495898732,2.0,,
25,20.0,100.0,78.0,0.21482183438083216,0.9171538513844324,0.06310063417665535,0.9171538513844324,0.2140941808774142,166.33067625483815,0.21298892379530812,0.9176412141368888,0.06262998782271102,0.9176412141368888,0.2122607992482537,164.23580852498233,0.3828497948835881,0.0,,
26,20.0,100.0,99.0,0.20542792443421004,0.9198447961674094,0.06060151857542315,0.9198447961674094,0.20395977262642495,157.21294297506216,0.20082222313071904,0.921073913260406,0.059425320984825815,0.921073913260406,0.1993553328045076,152.67992735169156,0.4096095138420208,1.0,,
27,20.0,100.0,63.0,0.2072969359879776,0.9190830207008779,0.06123939195058641,0.9190830207008779,0.20616476066163025,158.04493319162913,0.20374298813090527,0.9200943676699258,0.060302006553851276,0.9200943676699258,0.20261288660120388,155.57690219800443,0.4044923616736117,2.0,,
28,20.0,100.0,92.0,0.20892139731632384,0.9183211024931318,0.061759169650841175,0.9183211024931318,0.2075997686265579,160.08413039066497,0.2046512744687164,0.9195649666645516,0.06062923383789527,0.9195649666645516,0.2033317921956984,155.95597882129005,0.4016056861664745,3.0,,
29,20.0,100.0,77.0,0.21495657372084384,0.9171098120234366,0.06313892147419943,0.9171098120234366,0.21423483597841986,166.10256189264584,0.21301891412408394,0.9176508189491625,0.06263254660522327,0.9176508189491625,0.2122969221770241,164.33978789398782,0.3825195137816629,0.0,,
30,20.0,100.0,99.0,0.2062238069210824,0.9195457597908402,0.060859726204011776,0.9195457597908402,0.20476435739143456,156.83985129784782,0.20173067770259054,0.9207564966279314,0.05969553232378171,0.9207564966279314,0.20027229598748225,153.4598644321549,0.4075880985518708,1.0,,
31,20.0,100.0,52.0,0.20810484301888948,0.9187690140825656,0.061356300864589285,0.9187690140825656,0.20607742082917696,157.7812728786331,0.200213141613914,0.9209424682763384,0.05929725925346532,0.9209424682763384,0.19819096963627708,151.26112790852508,0.4048548765363202,2.0,,
32,20.0,100.0,52.0,0.21758041779582868,0.9152479043991796,0.06410454471537742,0.9152479043991796,0.2151848773199833,165.03507632832716,0.2076793046490504,0.918013514908906,0.061506590082861926,0.918013514908906,0.20529209831357145,156.71242625350456,0.3819008287604361,3.0,,
33,20.0,150.0,143.0,0.2053485074393957,0.9201061503612828,0.060394210793834835,0.9201061503612828,0.2032436886184424,156.38313965372703,0.1979761699107941,0.922216634624728,0.058466372071179926,0.922216634624728,0.19587249774066173,149.99820713824317,0.4115043277247624,1.0,,
34,20.0,150.0,199.0,0.21566486168234866,0.91694919243993,0.06324855215958695,0.91694919243993,0.21533283400862727,166.11818857500631,0.21416631785336648,0.9173335710151064,0.06288028909737634,0.9173335710151064,0.21383427202161584,164.57870701970475,0.37975832269024395,0.0,,
35,20.0,150.0,59.0,0.2148899295336361,0.9170170074078574,0.06316316959465647,0.9170170074078574,0.21417166376177027,166.42801759781375,0.21304500276512686,0.917551543674393,0.0626748966485416,0.917551543674393,0.21232735121046034,164.36167471294513,0.3828317875921288,0.0,265.8644633293152,tied_layers set to False now
36,20.0,150.0,34.0,0.3526574725391891,0.8881425709866766,0.0884026152759317,0.8881425709866766,0.3078676814320114,212.00832207008918,0.33948411993773914,0.8879794797798728,0.08862119607805148,0.8879794797798728,0.3088156395082777,211.59156277421383,0.05345985911938535,0.0,150.02117228507998,orthogonality_constraint True
37,20.0,150.0,106.0,0.29589391055736164,0.8881232240478982,0.08719070059824402,0.8881232240478982,0.2957956821027718,235.00121126280533,0.29628718029795137,0.8879646707043636,0.08731932803456248,0.8879646707043636,0.29619911804979737,235.28131796939041,0.055795990096918616,0.0,507.3881719112396,uncorrelated_features True
38,20.0,150.0,5.0,0.71995853885298,0.8881154487554305,0.09111629846610296,0.8881154487554305,0.31995994503760944,193.182076353423,0.7192128487032041,0.8879340778733602,0.09107098992014047,0.8879340778733602,0.31921426012213744,193.75477713147168,0.04510483044642055,0.0,36.90787672996521,unit_norm True
39,20.0,150.0,93.0,0.29597536434218125,0.8881219506206338,0.08719478960673167,0.8881219506206338,0.29585836042448715,234.57099553541204,0.2963911837592996,0.8879494871483895,0.08732630389800465,0.8879494871483895,0.29627461876536954,234.95152380203763,0.05449896286323733,0.0,421.63864374160767,regularizer_weight=10e-7
40,20.0,150.0,92.0,0.29680330857211257,0.8880470540125208,0.08734722960064144,0.8880470540125208,0.2964561115162959,234.0707713347992,0.2972279479894569,0.8878525002899599,0.08748906098158814,0.8878525002899599,0.296907764149929,234.59622656739842,-0.0013106580852281465,1.0,500.1616005897522,regularizer_weight=10e-7
41,20.0,150.0,121.0,0.29619995150132195,0.8881115815130977,0.08723283690877069,0.8881115815130977,0.2959615925268652,235.19252756015004,0.296670925700336,0.8879351446786099,0.08737610749253985,0.8879351446786099,0.2964098229060752,235.34555326636487,,2.0,981.03032040596,regularizer_weight=10e-7
42,20.0,150.0,107.0,0.2967308254585165,0.8880435009902639,0.08732768372885011,0.8880435009902639,0.29631350353812164,234.11984340500592,0.29704428181919434,0.8878887154309295,0.08742994106169846,0.8878887154309295,0.29665584440775944,234.52161264856068,,3.0,1020.6495802402496,regularizer_weight=10e-7
43,20.0,150.0,113.0,0.2964311852527457,0.8881336206820474,0.08727224838162594,0.8881336206820474,0.29611757541426,234.80790766723808,0.2968716817616749,0.8879093523044285,0.08740718173466455,0.8879093523044285,0.2965414798692853,234.9249738210045,0.0035453901295617977,4.0,1215.3088698387144,regularizer_weight=10e-7
44,20.0,100.0,99.0,0.205229832446512,0.920013983139466,0.06051182728305595,0.920013983139466,0.2037650184988344,156.98309930058468,0.20063569612056475,0.9212485063869316,0.05933908536190559,0.9212485063869316,0.19917183100713565,152.67033078709738,0.4099064963404159,1.0,503.51549911499023,regularizer_weight=10e-7 argument fixed
45,20.0,100.0,99.0,0.2030151607801436,0.9210017488332224,0.059866562300237486,0.9210017488332224,0.2018842222501753,156.46893137755967,0.19950483527552412,0.9219094996111266,0.058973817101314475,0.9219094996111266,0.1983759076927044,152.62125981842968,0.41623059998849216,1.0,492.692786693573,"[1, 0, 0, 0]"
46,20.0,100.0,16.0,0.3888824854611088,0.8881423453843875,0.09181435201738566,0.8881423453843875,0.32526939852225073,194.7695543960476,0.3980992462616607,0.8879912721501781,0.092400004324193,0.8879912721501781,0.3276516542228085,193.5334590699626,0.048584537190750635,1.0,113.71531224250792,"[0, 1, 0, 0]"
47,20.0,100.0,99.0,0.2038598959096992,0.9205348003926505,0.060086820759219964,0.9205348003926505,0.2022631172784889,155.0727601331877,0.1991267581955563,0.9218253835110546,0.05887218411676669,0.9218253835110546,0.1975312341703091,151.43902824701132,0.4133947987860929,1.0,487.56717324256897,"[0, 0, 1, 0]"
48,20.0,100.0,64.0,0.2341613430757619,0.908214640215606,0.06947267982583237,0.908214640215606,0.2339213449735737,180.72333389157336,0.2334021653163503,0.9083851328730916,0.06927411117499656,0.9083851328730916,0.23316216721416216,179.1919206947573,0.3352729573559598,1.0,316.6750688552856,"[0, 0, 0, 1]"
49,20.0,100.0,29.0,0.334825972435735,0.889603628019444,0.08584950341447133,0.889603628019444,0.2960897703008923,213.50984959756173,0.3361189309056149,0.8892219655259207,0.0860705785182974,0.8892219655259207,0.296972003951333,213.23366734841647,0.19193072487591226,1.0,170.55091285705566,regularizer_weight = 1e-08
50,20.0,100.0,21.0,0.3511583745594374,0.8890383224620461,0.08805684885211902,0.8890383224620461,0.3087421000118605,201.5741353005128,0.3470067332214204,0.8888044886399519,0.0884231400042129,0.8888044886399519,0.3103599350680178,200.670051865292,0.1652228575128316,1.0,123.1973819732666,regularizer_weight = 1e-07
51,20.0,100.0,32.0,0.3580273311787864,0.8899361944164171,0.08545153658580598,0.8899361944164171,0.2935511987859031,216.85515219293998,0.33028903405512444,0.8898241933623736,0.08562159822750254,0.8898241933623736,0.2942377328137624,216.78795785283768,0.1913820708946088,1.0,174.44073176383972,regularizer_weight = 1e-05
52,20.0,100.0,17.0,0.3912246138761408,0.8885396411112426,0.09046240375342712,0.8885396411112426,0.3202881426523096,192.80639655196327,0.3562380069093641,0.888355345728388,0.0910109717163699,0.888355345728388,0.32254768456175786,191.50208492393952,0.15285058055678538,1.0,100.94798970222472,regularizer_weight = 0.0001
53,20.0,100.0,27.0,0.3451352679821293,0.8898800460260305,0.08580769950888968,0.8898800460260305,0.2969973239464776,210.82274519911624,0.3342648068570957,0.889720382828055,0.08601308430604711,0.889720382828055,0.29789197730315803,210.3301903110796,0.19281877401055889,1.0,153.36078453063962,regularizer_weight = 1e-06
54,20.0,100.0,25.0,0.35745487112980595,0.8896007748079461,0.08615868123939649,0.8896007748079461,0.2988959004400324,209.10696639610592,0.3366591661047541,0.8893639474141724,0.08642720815828152,0.8893639474141724,0.300075879366355,208.506160900194,0.1856718155094088,1.0,142.4788498878479,regularizer_weight = 1e-06
55,20.0,100.0,99.0,0.20750401558271087,0.9190561501923579,0.06122923656422815,0.9190561501923579,0.2060497814594809,158.56058480084144,0.20293864828893515,0.9202775713847042,0.060058099341621235,0.9202775713847042,0.2014866414493296,154.46045225487484,0.4048183170528688,1.0,478.4161117076874,regularizer_weight = 1e-06
56,20.0,100.0,99.0,0.20512898873266944,0.9193026708592344,0.06100385114048385,0.9193026708592344,0.2051024795669056,157.93889625486867,0.20066907983947369,0.9204820613421631,0.05987223473589605,0.9204820613421631,0.20064269642500704,153.62447762947315,0.4067752605967676,1.0,585.9402778148651,regularizer_weight = 1e-08
57,20.0,100.0,99.0,0.2074000657523086,0.9185454101073496,0.061604006956862786,0.9185454101073496,0.2071433038437774,158.96876709248855,0.20246834318334095,0.919852638034855,0.060337488552283235,0.919852638034855,0.20221236437065795,154.89941333730403,0.4025610275022921,1.0,661.4678337574005,regularizer_weight = 1e-07
58,20.0,100.0,99.0,0.2107773120450928,0.9198820827956606,0.060686164433616366,0.9198820827956606,0.20482617569446104,157.18480016848878,0.20752804263594346,0.9207427707437896,0.059845876876677036,0.9207427707437896,0.20157353457088,154.81101107207206,0.406374434103363,1.0,516.646550655365,regularizer_weight = 1e-05
59,20.0,100.0,52.0,0.2482950736021961,0.9093172454351868,0.06898705469310773,0.9093172454351868,0.23349917494567696,180.17991404269367,0.2476135376595752,0.9094352051173974,0.06882308009378102,0.9094352051173974,0.2328059287199411,179.6363449288473,0.3286126774109865,1.0,270.94649744033813,regularizer_weight = 0.0001
60,20.0,100.0,99.0,0.2083363230806965,0.918009838176336,0.06197595180343653,0.918009838176336,0.20833344715658608,159.51740551775444,0.20394005313864108,0.9191228407601876,0.06086571282498079,0.9191228407601876,0.20393718589951235,156.22563532899082,0.39976783779888375,1.0,515.9075081348418,regularizer_weight = 1e-09
61,20.0,100.0,99.0,0.2059601241485052,0.919166555528636,0.0611357267822247,0.919166555528636,0.20569129229940697,157.90552918420823,0.201084042872762,0.9204691273802084,0.05990603901203793,0.9204691273802084,0.20081626269451291,153.93346169051108,0.40576444424845176,1.0,475.8452167510986,
62,20.0,100.0,51.0,0.20693873599365348,0.9187364808228592,0.061469608469972487,0.9187364808228592,0.20657963291004292,158.25407346928412,0.19816203995170076,0.9210957520369848,0.05920018988240886,0.9210957520369848,0.1978051622257238,150.9928190921327,0.4034779550729939,2.0,392.9664762020111,
63,100.0,100.0,99.0,0.16002257869085212,0.9406884285883658,0.04582655062691834,0.9406884285883658,0.15976112291654487,125.61745282000055,0.15173681299020808,0.9431862239536161,0.04367528829755578,0.9431862239536161,0.15147575057319607,117.77545888425163,0.5153248154940349,1.0,494.5152847766876,
64,100.0,100.0,47.0,0.17066265572334174,0.935234168778834,0.049504646370129114,0.935234168778834,0.1701376729133213,131.65788184778015,0.15340984421341114,0.94045499410608,0.04497509543298799,0.94045499410608,0.15288785827689688,116.89718305137869,0.4937937548769048,2.0,529.8943083286284,
65,20.0,100.0,65.0,0.20814475034599875,0.9183754432184168,0.06171662654614701,0.9183754432184168,0.20771343623524285,160.39988729507232,0.1976893223789958,0.9212873191544676,0.05904140803237254,0.9212873191544676,0.19726044448193386,150.74603637773478,0.40122144195783815,2.0,521.1888103485106,
66,20.0,100.0,99.0,0.2949593435730794,0.8881672580022908,0.08715398063381878,0.8881672580022908,0.2948288392033437,232.9933437959013,0.29534952592500296,0.8880044463683547,0.08728712239086993,0.8880044463683547,0.29521902155526725,233.0710965019812,0.04648329350492384,2.0,692.700620174408,
67,20.0,100.0,27.0,0.21974162966888228,0.9136349537708924,0.06525760163079103,0.9136349537708924,0.2193416974036006,165.38085405903482,0.21370145310143535,0.9152157983658679,0.06372294521436958,0.9152157983658679,0.213307271696995,162.5924890875811,0.3780981285705167,2.0,207.70387983322144,adam
68,20.0,100.0,10.0,2.9204364434078327,0.8177869622100129,0.1822130485041875,0.8177869622100129,2.9201291218593712,1694.6254823217266,2.898892967511992,0.8179378527954453,0.18189227181760972,0.8179378527954453,2.8985906021930754,1697.6095375596972,0.00535077431100709,2.0,95.03443574905396,SGD
69,20.0,100.0,84.0,0.20468868180772234,0.9196642668073891,0.060702400242028234,0.9196642668073891,0.204280777421202,155.98234782028382,0.19143084264164012,0.9234278934937028,0.0572314861016352,0.9234278934937028,0.1910245616349607,145.53987154802087,0.4105983330871228,2.0,668.2042191028595,RMSprop
70,20.0,100.0,99.0,0.21501223549684426,0.915308902426643,0.06394595535374285,0.915308902426643,0.21477950916131874,163.45214943956972,0.2096604700121409,0.9167813119295509,0.06255914990314919,0.9167813119295509,0.2094280679159314,160.36490947562538,0.38521878312021823,2.0,689.4754357337953,Nadam
71,20.0,100.0,74.0,0.2313695791970668,0.910172623777596,0.06831436073860413,0.910172623777596,0.23123034274687146,180.66067613464853,0.2296358503188184,0.9107308444808084,0.06781879420142323,0.9107308444808084,0.2294966639882048,177.3663095815219,0.3342560256402929,2.0,586.5385479927062,Adamax
72,100.0,100.0,59.0,0.1638139422891458,0.9383049191794948,0.047243381809975935,0.9383049191794948,0.1633578624484857,126.70588099002607,0.14583824480026047,0.9438930855600044,0.04251088433949034,0.9438930855600044,0.1453841756614942,111.27396472362223,0.5093544461482804,2.0,658.7936809062958,Adagrad
73,100.0,100.0,80.0,0.1853132989438727,0.9282653179602608,0.054367498984963035,0.9282653179602608,0.18501399422013307,145.50617544131038,0.17498618029671115,0.9312546814505211,0.05168858616932805,0.9312546814505211,0.1746874155536501,133.10036089442593,0.4713463158234142,2.0,816.6887118816376,Adadelta
74,100.0,100.0,99.0,0.196819476240176,0.9257524311341628,0.05709083367948011,0.9257524311341628,0.1965493479900539,152.04152216977894,0.1926580992765537,0.9271304821264684,0.055910978074536426,0.9271304821264684,0.19238810166303105,149.22248280295463,0.42090948063185996,2.0,1176.8843138217924,
75,20.0,100.0,99.0,0.20311597374895185,0.9203583965120146,0.060271363378962925,0.9203583965120146,0.20290118841150373,155.5503371127133,0.19840251689125032,0.9216761417697188,0.05904037437218788,0.9216761417697188,0.1981882973441712,152.033385870042,0.4127385317776527,1.0,489.247983455658,
76,20.0,100.0,99.0,0.20474519118788612,0.9198609871880391,0.060686026231982576,0.9198609871880391,0.2045212267351426,157.01121820147702,0.20015273748929308,0.9210340526436106,0.059522440118183924,0.9210340526436106,0.199929526884902,153.2918899920443,0.40941951565430296,1.0,460.7853555679321,shuffle=False
77,20.0,100.0,99.0,0.2034537866431816,0.9201726168236252,0.060381675112703766,0.9201726168236252,0.2032272293883904,156.84102228244566,0.1984747403288444,0.9215429016010691,0.059085277848004714,0.9215429016010691,0.19824898523261614,151.86394407984056,0.411965444717354,1.0,462.95647978782654,batch_size=512
78,20.0,100.0,99.0,0.2032562021601929,0.9203953532169344,0.06027109325039714,0.9203953532169344,0.20311106485016486,155.97612890207716,0.19992460224443329,0.9212462511753802,0.059427548795712326,0.9212462511753802,0.19978001450475105,153.69580020948868,0.4121518280099058,1.0,463.1604912281037,"combo = [1, 0, 1, 0]"
79,20.0,100.0,30.0,0.3131161095519794,0.8890622078540179,0.08597062553243677,0.8890622078540179,0.2921773256679309,230.21911345157247,0.31095808523913426,0.8888016137611774,0.08613846379517379,0.8888016137611774,0.292700431187499,230.56348772559642,0.16254484804047778,1.0,155.81391215324405,"combo = [1, 1, 1, 0]"
80,20.0,100.0,99.0,0.23232116523733726,0.9097343878041224,0.06868046192406575,0.9097343878041224,0.23230916980257615,180.11070971573898,0.2316387761261445,0.9098774791498913,0.06849238196650193,0.9098774791498913,0.23162678069138345,178.80578461294067,0.33650051903015304,1.0,473.78409910202026,"combo = [1, 0, 1, 1]"
81,20.0,100.0,22.0,0.3165809222609594,0.8885400455274659,0.08658510434136807,0.8885400455274659,0.2947267004401281,227.23347871915385,0.3154528935137778,0.8883644914494765,0.08675221261321743,0.8883644914494765,0.2953507758159992,227.12830995218536,0.14395407482046108,1.0,119.57383918762207,"combo = [1, 1, 1, 1]"
82,20.0,100.0,59.0,0.205031349580622,0.9195411781135177,0.060797412007272275,0.9195411781135177,0.20452154113601248,160.31074338645732,0.20117747847907705,0.9206216178616397,0.05980548793250773,0.9206216178616397,0.20067085633947132,154.24458878525337,0.4107175352699261,1.0,287.9104676246643,learning_rate=0.01
83,20.0,100.0,70.0,0.29592215890315043,0.8881232240478982,0.08720791297760731,0.8881232240478982,0.2958725976410197,235.38316652153802,0.2963812516628777,0.8879449402042603,0.08734898245887897,0.8879449402042603,0.2963293708914943,235.6248858431533,,1.0,356.5283920764923,learning_rate=0.1
84,20.0,100.0,41.0,0.2291843854253201,0.910506798415214,0.06783090266733142,0.910506798415214,0.2282423340146451,182.0719176070645,0.2270045422591131,0.9109126092253016,0.06733427485710404,0.9109126092253016,0.22607150330580494,174.5179852986536,0.3457874402451686,1.0,211.2740840911865,learning_rate=0.05
85,20.0,100.0,21.0,0.22262674508958008,0.9130212788347676,0.06590568337896206,0.9130212788347676,0.22186924456029086,170.40441347360036,0.2199416634737696,0.91359768239279,0.0652515240243658,0.91359768239279,0.21919792550372788,168.67148166948348,0.36735632030528814,1.0,111.65138602256776,learning_rate=0.0001
86,20.0,100.0,15.0,0.21424405105307975,0.9164079415321809,0.0633659772445763,0.9164079415321809,0.2136254740496008,162.74780835154885,0.21167617637855088,0.9171236796068782,0.06269541307728979,0.9171236796068782,0.21107050914163467,162.5522139281966,0.3902872341033432,1.0,88.25804805755615,learning_rate=0.005
87,20.0,100.0,26.0,0.2182556131896803,0.9147065547262182,0.0646165859271657,0.9147065547262182,0.21735224519346447,170.44639142348208,0.21526127299878303,0.915562583659692,0.0638066281265961,0.915562583659692,0.21437022296763664,164.91294048432184,0.3800196311117623,1.0,136.96883416175842,learning_rate=0.02
88,20.0,100.0,28.0,0.21341777640893933,0.9166526079694409,0.0631312242862004,0.9166526079694409,0.21251113015726086,158.07160665836253,0.20991773110639156,0.917784989841386,0.062161215939737724,0.917784989841386,0.20902127501976786,160.9506009177906,0.3930066952081775,1.0,144.6332721710205,learning_rate=0.03
89,20.0,100.0,41.0,0.2154457663594385,0.9161587125014156,0.06360343322875296,0.9161587125014156,0.21432551196204624,162.7724297499163,0.2119361986552143,0.9170693404951704,0.06271473372513511,0.9170693404951704,0.21082173082759315,162.4285413885639,0.3849790609160541,1.0,213.5972170829773,learning_rate=0.07
90,20.0,100.0,25.0,0.216383358280878,0.91558603406469,0.06399689398537363,0.91558603406469,0.21554785017273886,159.93408284084006,0.2140999785459896,0.9161305428597312,0.06343600795171958,0.9161305428597312,0.2132734418790345,164.31473810240885,0.3839276579230208,1.0,139.6679885387421,learning_rate=0.011
91,20.0,100.0,21.0,0.2196228852539494,0.9141632921086176,0.06501182473991488,0.9141632921086176,0.21893424299053693,161.9882873035591,0.21674896355785345,0.9150349472859708,0.06424131992553582,0.9150349472859708,0.2160703415192548,166.25049628301312,0.3776685975601631,1.0,115.42660188674928,learning_rate=0.009
92,20.0,100.0,30.0,0.21288871650633812,0.9168055364014612,0.06295178727348608,0.9168055364014612,0.21195064370570185,163.3143001771283,0.21001069281294946,0.9176497270728132,0.0622162676949033,0.9176497270728132,0.2090825576251968,160.80070248300615,0.3938824239059484,1.0,172.6348741054535,learning_rate=0.11
93,20.0,100.0,24.0,0.2140202501027356,0.916370660402365,0.06333313962990812,0.916370660402365,0.21319435324356656,154.00791940409,0.21069689288255486,0.9174119465175709,0.062429894580330984,0.9174119465175709,0.20988130452131595,161.46171576048457,0.3924104359254229,1.0,135.3637421131134,learning_rate=0.01
94,20.0,100.0,24.0,0.22030399987688415,0.9137544148405642,0.06526462337792235,0.9137544148405642,0.21947089085569732,167.38106161970668,0.21761279686368726,0.9145623443333964,0.06456447693545403,0.9145623443333964,0.21679097516995388,166.8538739246429,0.3734581843237021,1.0,144.6102714538574,learning_rate=0.009
95,20.0,100.0,21.0,0.2106523686681852,0.9177894162741428,0.062254661139411076,0.9177894162741428,0.2098850482736692,158.73054274300517,0.2080375603546608,0.9185172471823482,0.061593326964857226,0.9185172471823482,0.20728195808686167,159.29435980976442,0.4007293508534895,1.0,113.81250953674316,learning_rate=0.001
96,20.0,100.0,25.0,0.21492550550571246,0.9161679075610252,0.06353168866319557,0.9161679075610252,0.21405530749431406,162.27933684759086,0.2118417658153852,0.9170520331417084,0.06274380157446124,0.9170520331417084,0.210981081247963,162.4049875952117,0.3889110708079403,1.0,141.1180715560913,learning_rate=0.002
97,20.0,100.0,33.0,0.21673216038044107,0.9154382562488104,0.06403031316825733,0.9154382562488104,0.2157959651261152,166.04203841200692,0.21382577306308392,0.9163149662490068,0.06329876403178311,0.9163149662490068,0.21289683333066,163.84811682615842,0.3835314289116719,1.0,173.00489521026608,learning_rate=0.0005
98,20.0,100.0,28.0,0.22001636496489016,0.9139400151697672,0.06511528485086485,0.9139400151697672,0.21909676960413424,169.7709215042048,0.2177689204168564,0.9144443478653498,0.06457172334759613,0.9144443478653498,0.2168573942882696,166.7753167664683,0.3738704651331734,1.0,153.2237639427185,learning_rate=0.003
99,20.0,100.0,39.0,0.21556733751101853,0.9158012234194668,0.06369956078570109,0.9158012234194668,0.21446761691375135,166.1813470347317,0.2128236134348957,0.9164704610103506,0.06305925742849076,0.9164704610103506,0.2117287705560136,162.9792691028893,0.3840746447943835,1.0,217.3504319190979,learning_rate=0.0007
100,20.0,100.0,22.0,0.2206517137353904,0.9136606494509146,0.0653663877238146,0.9136606494509146,0.2198951567545153,158.67574949085454,0.21765372279865525,0.9145597151248216,0.06455142930540883,0.9145597151248216,0.21691182110641846,166.8849137242026,0.3737036879080772,1.0,126.14621496200563,learning_rate=0.0011
101,20.0,100.0,28.0,0.2149963876046868,0.9160752763929536,0.06357614047176056,0.9160752763929536,0.21410447860142906,167.7779770977404,0.21188690247797728,0.916903973171371,0.06280418360496373,0.916903973171371,0.2110027549491064,162.24816468605275,0.3878152320114544,1.0,145.10529947280884,learning_rate=0.0009
102,20.0,100.0,28.0,0.21522599845249374,0.9160857401332664,0.06361549586760751,0.9160857401332664,0.2143377253325673,175.31812757070557,0.2122237256362837,0.9168374067278338,0.06288159294173623,0.9168374067278338,0.21134669137669373,162.6516766608997,0.3880587062097347,1.0,160.17316126823425,learning_rate=0.0012
103,20.0,100.0,25.0,0.21035300862289816,0.9175226939143499,0.06231149930182305,0.9175226939143499,0.20952048074699792,147.2132438075617,0.20604802887763604,0.9192279478192176,0.06103556567217895,0.9192279478192176,0.2052250712642078,157.6885578068849,0.4051503905365063,1.0,152.91074609756467,learning_rate=0.0008
104,20.0,100.0,30.0,0.21984338448577967,0.9141556207928224,0.06506596877561145,0.9141556207928224,0.21891407356792536,168.53594275572348,0.21653794950831184,0.915091197008834,0.06419155939650853,0.915091197008834,0.21562091334406785,166.03809457254303,0.3737297636315934,1.0,179.77628302574158,learning_rate=0.001
105,20.0,100.0,20.0,0.21095734360875795,0.9175758255004424,0.062431382812957785,0.9175758255004424,0.21028023835811469,153.66747003223784,0.20806549574665809,0.9185771801375248,0.061620750209216875,0.9185771801375248,0.2074019667184348,159.4466458893148,0.3999124785299469,1.0,131.8775429725647,learning_rate=0.01
106,20.0,100.0,27.0,0.21447215127612052,0.9163571032584718,0.06336634501018487,0.9163571032584718,0.2136400406327337,167.68981543491824,0.21157497167021846,0.9172634078893954,0.0626044682108821,0.9172634078893954,0.21075253457612686,162.2924963173941,0.3897223665681833,1.0,157.0509829521179,learning_rate=0.001
107,20.0,100.0,34.0,0.21480500048378884,0.9162559350235966,0.0634952023686356,0.9162559350235966,0.2138132686016935,159.73475446558712,0.21221726967268048,0.916930327338342,0.06283122719677797,0.916930327338342,0.21123575210085024,162.6871581251049,0.3859611962050787,1.0,183.9095189571381,learning_rate=0.01
108,20.0,100.0,35.0,0.21493079602488774,0.9161934530958856,0.06349559585255789,0.9161934530958856,0.21388859390982884,166.6971254395589,0.21221373446247915,0.9168250742969829,0.06284753741355541,0.9168250742969829,0.21117924015557515,162.54449393917398,0.38755090202022585,1.0,182.32242822647092,learning_rate=0.0008
109,20.0,100.0,28.0,0.22019524070926166,0.9144755734867008,0.06491312026460985,0.9144755734867008,0.2193399587602184,158.72645233110217,0.2175236553616685,0.9151988010905654,0.06421299263646242,0.9151988010905654,0.21667457637100773,167.14237294809783,0.3802898060437194,1.0,150.6016139984131,1-.999 bits flipped
110,20.0,100.0,28.0,0.24848993711019285,0.9065309422545326,0.07187644574337414,0.9065309422545326,0.24782075576329954,193.7473495740528,0.2460545584066811,0.9071860578940748,0.07127022058279155,0.9071860578940748,0.24539235016287875,192.0849034487113,0.34751255595195163,1.0,153.96380615234375,1-.99 bits flipped
111,20.0,100.0,17.0,0.2205135664115689,0.9144007748632288,0.0649677320052123,0.9144007748632288,0.21987700370652893,165.48220791841962,0.2172712968837399,0.9154943640474202,0.06408566101641276,0.9154943640474202,0.2166464582360549,167.06604678439828,0.3807928493436424,1.0,95.07443833351135,loss=binary_crossentropy
112,20.0,100.0,22.0,985.1709377444932,9.629272989889263e-05,0.06497373121629613,0.9136891333139684,0.21904267632565247,162.14009943940516,980.6873725565787,0.000426884219513352,0.06394161030233843,0.9146797525437728,0.2145629210862931,158.2499088134824,0.3909198603727553,1.0,137.77388000488278,loss=categorical_crossentropy
113,20.0,100.0,10.0,0.0,0.03428021184149475,0.25,0.8674064996670691,0.6931574965648256,111.57450939136223,0.0,0.037044063939713434,0.25,0.8674277551841483,0.6931574958690355,111.55661172355222,,1.0,64.27267622947693,loss=categorical_hinge
114,20.0,100.0,24.0,-0.7193695466106307,0.0,0.06359215509298907,0.9175379963809616,0.21995928775793552,181.51720809679398,-0.7247551969817381,4.7431579945928005e-05,0.0625712934936048,0.9188587614895468,0.2164417283764737,169.86612805889106,0.37418521359957,1.0,138.13090062141418,loss=cosine_proximity
115,20.0,100.0,56.0,0.8674085917068779,0.7584015404368801,0.8674045662094781,0.1325939247197237,12.033843324961545,-0.0016146123681224605,0.8674298398992184,0.7504150263838969,0.867425690926281,0.1325726568379416,12.01453135105519,-0.0016116014404254793,-0.0298663158632311,1.0,230.90820717811584,loss=hinge
116,20.0,100.0,99.0,-0.0016673956410403349,0.03428021184149475,0.8674064996670691,0.1325939247197237,13.82851592703513,-0.0016972716543267464,-0.0016666149907085767,0.037044063939713434,0.8674277551841483,0.1325726568379416,13.828808402390905,-0.001697313313325211,-0.007149387771159564,1.0,406.9372754096985,loss=kullback_leibler_divergence
117,20.0,100.0,26.0,0.029139901635039295,0.00038517091959557054,0.06331797296115856,0.9188917931422168,0.2217914671480627,187.64180245250247,0.028878015878487994,0.00047431579945928,0.06272034799682852,0.919823952247153,0.22009379548767072,184.50795328210552,0.3706625730824655,1.0,122.59601211547852,loss=logcosh
118,20.0,100.0,44.0,0.1029207272337616,0.7226769382699958,0.10236780641167337,0.8976082313445306,1.6447547784721732,1716.0737435044723,0.10269424223780536,0.7207228573434002,0.10215585578098893,0.8978226409206997,1.6417075646747443,1726.0519353045754,0.2430978685783227,1.0,183.39448952674863,loss=mean_absolute_error
119,20.0,100.0,3.0,277389.6654910929,0.0,0.12820631580881964,0.8717933228512942,2.066391302957292,2503.231606278399,286399.3635348978,0.0,0.128203068552821,0.87179657662949,2.0663374114216366,2502.991832400049,,1.0,29.326677560806274,loss=mean_absolute_percentage_error
120,20.0,100.0,27.0,0.06459979695959854,0.0,0.06417840702219772,0.91678691595061,0.22129138979305712,176.99484216637717,0.0639592408600288,0.000142294739837784,0.0635404764859561,0.9176101510587964,0.21920502093373972,172.08018426416112,0.3688514749489192,1.0,116.59166860580444,loss=mean_squared_error
121,20.0,100.0,30.0,0.03332728982065007,0.0008666345687313152,0.06939897269412308,0.9100515760362979,0.23836084217708384,208.4441954141175,0.033039253147634624,0.001090926338756344,0.06924023099007927,0.9104345058663172,0.2384121307556947,213.98196967767763,0.3257963794548413,1.0,145.87034320831302,loss=mean_squared_logarithmic_error
122,20.0,100.0,31.0,0.2730794121223857,0.003755416466056813,0.06563288703467562,0.9130532307698284,0.22111309449375394,169.25997243191568,0.26972743393161097,0.003225347436323104,0.0645849650129107,0.9140448587129504,0.21696189191998652,164.8796716501979,0.38508059880240864,1.0,139.52798080444336,loss=poisson
123,1.0,100.0,4.0,0.2985718947766662,0.8872766615854301,0.08791238067955941,0.8872766615854301,0.298268089902246,236.78797850886616,0.2989569693508351,0.8871391458059689,0.08803129139588803,0.8871391458059689,0.29865190489680143,237.30511172227264,,1.0,37.031118392944336,loss=binary_crossentropy
124,2.0,100.0,19.0,0.2615733012076347,0.8984519401650389,0.0773408589716938,0.8984519401650389,0.26105247582158736,207.6353477834335,0.26095365597028714,0.8986447003785287,0.07718092781220216,0.8986447003785287,0.26043729773651336,202.41970979208992,0.2471350301843036,1.0,104.28596496582031,loss=binary_crossentropy
125,4.0,100.0,23.0,0.2616073488787383,0.8985799602091628,0.07726393750598354,0.8985799602091628,0.2609754800394744,205.45663059548684,0.2608537693612971,0.8988088153008293,0.07707611923297951,0.8988088153008293,0.26022759708972365,202.1052042901366,0.2477961783031136,1.0,120.70990419387816,loss=binary_crossentropy
126,8.0,100.0,22.0,0.2339163608343256,0.9092082629194612,0.068994083132489,0.9092082629194612,0.23316966364690184,186.9622966048232,0.2318847748763997,0.9096538727505012,0.0685151594642873,0.9096538727505012,0.23114867809855474,178.73030165601872,0.34001308817851544,1.0,120.11587023735045,loss=binary_crossentropy
127,16.0,100.0,32.0,0.22266531985972327,0.913673890876724,0.06553470796412669,0.913673890876724,0.22171955805991092,167.21368504736822,0.219983172335124,0.9144232882237924,0.06487207547602694,0.9144232882237924,0.21904237175052246,169.41708922697154,0.36945056278138827,1.0,167.18056225776672,loss=binary_crossentropy
128,32.0,100.0,32.0,0.2083412242196877,0.9195748812141016,0.061126554605260064,0.9195748812141016,0.2074307632707436,158.83772377304345,0.2055191225430344,0.9202754627520088,0.06046387028285347,0.9202754627520088,0.20461642186623485,157.87749522925267,0.4087576168984423,1.0,173.8479437828064,loss=binary_crossentropy
129,64.0,100.0,34.0,0.1941475755099672,0.9265070702344336,0.056304365396140914,0.9265070702344336,0.19340914846700605,151.6069271875564,0.1900662243110385,0.927573509340816,0.05531614898991434,0.927573509340816,0.18933429689901649,146.73329794285323,0.4456567279598225,1.0,191.11393094062802,loss=binary_crossentropy
130,128.0,100.0,47.0,0.18025026553286688,0.9333365563021638,0.051564375411936106,0.9333365563021638,0.1796219282688059,147.45194498061215,0.1753671044582819,0.9343502777908445,0.05048785437579988,0.9343502777908445,0.17474062226192155,136.0905585525803,0.4766424774400595,1.0,320.11030960083013,loss=binary_crossentropy
131,256.0,100.0,44.0,0.18284178645093108,0.9321560608118156,0.052438362961887,0.9321560608118156,0.18233447641808653,149.5889730234013,0.17737719051068826,0.9334518438000068,0.05116177052990968,0.9334518438000068,0.17687284733557826,137.7120435266269,0.4745301622560553,1.0,449.67671990394587,loss=binary_crossentropy
132,100.0,100.0,75.0,0.17053391124746464,0.9389088260651094,0.04764156716556921,0.9389088260651094,0.1703804441883292,131.30810377096176,0.16457572316671637,0.9404184599899338,0.04619649103190445,0.9404184599899338,0.1644222871644478,124.96247736027925,0.4871354064414366,0.0,445.6804916858673,loss=binary_crossentropy
133,100.0,100.0,80.0,0.16158838295913627,0.9399389070562291,0.04637163313546029,0.9399389070562291,0.16140481555438926,123.10532391566063,0.15367455250840992,0.9423785022414116,0.044281329086750726,0.9423785022414116,0.1534916180860203,119.12858516116107,0.5116155765931019,1.0,472.32001519203186,loss=binary_crossentropy
134,100.0,100.0,34.0,0.15876753355484485,0.9409334424142374,0.045407436112615426,0.9409334424142374,0.15838817979317188,127.14746888426559,0.1417831554630758,0.9459159046062362,0.04103787003889604,0.9459159046062362,0.1414071772480262,107.87238047635573,0.5308886533387115,2.0,346.854838848114,loss=binary_crossentropy
135,100.0,100.0,35.0,0.18057769931992718,0.9306541846759284,0.052681755849559773,0.9306541846759284,0.18013593949517437,139.4074401047348,0.1635101017752143,0.9356785707883577,0.0482419189276847,0.9356785707883577,0.16307354268613025,123.75532099045256,0.48240722314330836,3.0,450.5977728366852,loss=binary_crossentropy
136,100.0,100.0,72.0,0.20436742072588673,0.9200207697007883,0.060453719805368275,0.9200207697007883,0.20372534459120503,158.13548177279242,0.19053727836342682,0.9237321703850033,0.05695128761543238,0.9237321703850033,0.18989956045687348,144.32530201980364,0.4151495057488034,4.0,1003.9464223384857,loss=binary_crossentropy
137,100.0,100.0,43.0,0.21546391524629174,0.9154255516206524,0.06387374412356286,0.9154255516206524,0.21492550649003564,168.3910026539273,0.20450631393566646,0.9183238853608975,0.06113683403980849,0.9183238853608975,0.20397412931945108,155.38589261934393,0.39049196342361825,5.0,722.8293433189392,loss=binary_crossentropy
138,64.0,100.0,61.0,0.17561046205636796,0.9325665685897501,0.05135490697237753,0.9325665685897501,0.17518254541036424,132.64609953173664,0.16144428140780778,0.9367553215576905,0.04761395152913197,0.9367553215576905,0.16101909380808832,122.99765872797002,0.48411006729347267,2.0,559.282989025116,loss=binary_crossentropy
139,48.0,100.0,59.0,0.18112357365264306,0.9302837854976773,0.05307410950084174,0.9302837854976773,0.18073870646132836,143.7002888488035,0.16954263283765583,0.9334569437586481,0.0501119455338791,0.9334569437586481,0.16916027184241308,129.41548469506185,0.46883656522997436,2.0,476.7662694454193,loss=binary_crossentropy
140,40.0,100.0,53.0,0.18746275178044244,0.9271056718245457,0.05522544360757735,0.9271056718245457,0.18711719385235712,141.96928233411603,0.17739092241240279,0.9299516211321395,0.052625935240574254,0.9299516211321395,0.17704799546268357,135.27070857815525,0.45662691562144087,2.0,414.6597170829773,loss=binary_crossentropy
141,34.0,100.0,48.0,0.19384619837835768,0.9241310513932142,0.05736499590423455,0.9241310513932142,0.19345657771662214,145.17970059302544,0.182764174476473,0.927317405880128,0.054450420673980954,0.927317405880128,0.18237766006261127,139.02318493928527,0.43950239717154505,2.0,373.7683780193329,loss=binary_crossentropy
142,26.0,100.0,53.0,0.2006406493682269,0.9213943945540795,0.05944891328428821,0.9213943945540795,0.20023842232412137,154.1631195994025,0.1909072354343332,0.9238823251435196,0.056999756147416994,0.9238823251435196,0.19050837814686325,145.29188832163285,0.4217612569675404,2.0,379.8897285461426,loss=binary_crossentropy
143,21.0,100.0,49.0,0.20250212272658735,0.9204362439661572,0.060090690382007914,0.9204362439661572,0.20214810093894392,152.07330027081156,0.19408876236940037,0.922709359192777,0.05793260461334281,0.922709359192777,0.19373760286207778,147.77902452555452,0.41889036652336653,2.0,349.76800560951233,loss=binary_crossentropy
144,22.0,100.0,53.0,0.2081401354915314,0.9183861224537695,0.06175131829214257,0.9183861224537695,0.20770020850960544,159.93103639752348,0.19936884785379264,0.9206088526235474,0.05954173741542269,0.9206088526235474,0.19893233079654252,151.88189497221546,0.40327810256883123,2.0,389.35826992988586,loss=binary_crossentropy
145,16.0,100.0,42.0,0.20811682550248242,0.9182976657057474,0.06179419930129311,0.9182976657057474,0.20779104141530133,161.20184185558864,0.20128555187494057,0.9199374271475013,0.06011631253330886,0.9199374271475013,0.20096277771276885,153.48267299183652,0.40224235972100497,2.0,285.2613158226013,loss=binary_crossentropy
146,14.0,100.0,64.0,0.2126106994652553,0.9165398532114869,0.06314362381110986,0.9165398532114869,0.21214389078853563,171.62986144137946,0.2037976018019681,0.9187440458977238,0.06095135056310387,0.9187440458977238,0.20333386982806984,155.52643507583053,0.39120583858313174,2.0,411.73354983329773,loss=binary_crossentropy
147,13.0,100.0,66.0,0.2140742053664758,0.9159400701867196,0.06358072027406213,0.9159400701867196,0.2136464973367288,168.41375903743474,0.20657040637196938,0.9177695377775553,0.06173093313574706,0.9177695377775553,0.20614560615437955,157.88707678836974,0.3870248205448002,2.0,441.0322256088257,loss=binary_crossentropy
148,13.0,100.0,120.0,0.2312235451470675,0.9102085811907016,0.0682801314462362,0.9102085811907016,0.23118147916901727,178.8455920906783,0.23031814268311823,0.9104926077011035,0.06804058841273583,0.9104926077011035,0.23027636880189448,178.1279527888275,0.3341471394233414,0.0,532.5554604530334,loss=binary_crossentropy
149,13.0,100.0,76.0,0.2176367899231688,0.9143420979961732,0.06471802328117317,0.9143420979961732,0.21732833588645614,164.84847962513072,0.2141434142738616,0.9152867915717078,0.06381538334509648,0.9152867915717078,0.21383668156828842,164.7652468609639,0.3763915597075079,1.0,363.30878019332886,loss=binary_crossentropy
150,13.0,100.0,60.0,0.21547899484261332,0.9154729263622944,0.06396598401024299,0.9154729263622944,0.21505256831272898,166.64269437390448,0.20818291614272533,0.9172729847977726,0.062158388712979726,0.9172729847977726,0.2077595959250323,159.11147331835247,0.3838534223101823,2.0,370.0611662864685,loss=binary_crossentropy
151,13.0,100.0,56.0,0.2174282891995986,0.9146107508921543,0.06457177823230975,0.9146107508921543,0.21701615288329917,165.08405107581737,0.20866986312071445,0.9168479809898785,0.06238972362828301,0.9168479809898785,0.20826181326499163,159.36191246359488,0.378541451637509,3.0,423.4042172431946,loss=binary_crossentropy
152,13.0,100.0,199.0,0.23174457208548938,0.9106652306718326,0.06795846631120017,0.9106652306718326,0.23171842054759417,176.52460697708534,0.23064636573975042,0.9108564508417574,0.06769194455156233,0.9108564508417574,0.23062020081250847,175.06007466747985,0.33548269362237493,0.0,867.5876231193542,loss=binary_crossentropy
153,13.0,100.0,199.0,0.21629676770779394,0.9149886676940312,0.06430516527157652,0.9149886676940312,0.21621221851918004,166.17582498108703,0.21385750019948385,0.9156151572859491,0.06367511187132704,0.9156151572859491,0.2137730729624877,164.4884337524883,0.3783917780743452,1.0,944.6930334568024,loss=binary_crossentropy
154,13.0,100.0,155.0,0.21278932777573756,0.9163920534133452,0.06326654796983167,0.9163920534133452,0.21265581337144068,166.165394731135,0.2080372019026801,0.9176529745095958,0.06204315767459731,0.9176529745095958,0.20790393472280436,159.69029332894513,0.3882821338404317,2.0,970.3244993686676,loss=binary_crossentropy
155,13.0,100.0,130.0,0.21433417074486333,0.9157572734051733,0.06374673845894818,0.9157572734051733,0.21417282097145635,162.51245171111194,0.20881501562097904,0.917238384718484,0.06231883673784273,0.917238384718484,0.20865397097187105,160.1533554403559,0.38435212640255095,3.0,973.4326772689819,loss=binary_crossentropy
156,13.0,100.0,144.0,0.2118485850514732,0.9168076698058032,0.06294073132788211,0.9168076698058032,0.2116366458358131,163.9384383472044,0.20526197831931967,0.9184899842982804,0.06127468556196087,0.9184899842982804,0.20505059000488274,157.43713417626793,0.3900668358161924,2.0,925.8799574375153,loss=binary_crossentropy
157,13.0,100.0,199.0,0.2149387834978379,0.9154141200524313,0.06391233364061834,0.9154141200524313,0.2148382751655854,166.07935849934975,0.21159807512516238,0.916262149949321,0.06306361076371898,0.916262149949321,0.2114976699270673,162.41589207389814,0.3825747223354839,2.0,1282.5973603725433,loss=binary_crossentropy
158,13.0,100.0,137.0,0.21205087223618893,0.9166014776702792,0.06304086886586681,0.9166014776702792,0.21176333942979245,168.3735825944073,0.2032124029189491,0.918831085446878,0.06082329901475718,0.918831085446878,0.20292556721096738,155.3007960448663,0.39171722874733245,2.0,886.782721042633,loss=binary_crossentropy
159,13.0,100.0,81.0,0.2154390597793995,0.9152360855643429,0.06409855715833608,0.9152360855643429,0.21520819608902322,161.11950528434565,0.20865926310552205,0.9170436534942432,0.062344592461302493,0.9170436534942432,0.2084295367455848,159.89069404849934,0.38268099878990297,2.0,567.8894810676575,lr=.004
160,13.0,100.0,128.0,0.212065619710953,0.9171420171620126,0.06267318459129931,0.9171420171620126,0.21057572710898614,164.72371767399457,0.20439070937292333,0.9190653005174637,0.06073945989018684,0.9190653005174637,0.2029025602647726,155.34981241322546,0.3937837874946098,2.0,875.4740741252899,lr=.003
161,13.0,100.0,112.0,0.21703207997186402,0.9164438553366112,0.06313131708018643,0.9164438553366112,0.21207701174123506,164.37421289332852,0.21120235841555732,0.9180159703641317,0.061612167440046314,0.9180159703641317,0.20624950234616768,158.2241959257234,0.3902300234907838,2.0,776.5814180374146,regularizer_weight=1e-05
162,13.0,100.0,108.0,0.24215059414843154,0.909803785959803,0.06856211686312262,0.909803785959803,0.23141076103190017,181.11994667402183,0.2410896921158685,0.9101600001988372,0.06826591204072811,0.9101600001988372,0.23033891802793527,178.16059015530345,0.3328545430323336,2.0,874.459016084671,regularizer_weight=0.0001
