,diversity,security,fecundity,diversity_flatter,security_flatter,ONSConstID,ConstituencyName
0,5.721791859068169,-8.940467520944651,-2.8643611304809644,155,12,W07000049,Aberavon
1,5.955540550189712,-0.716732234554647,-5.075228928905207,160,91,W07000058,Aberconwy
2,-5.7385138923434225,-1.5600330533388147,-10.261256709751095,34,80,S14000001,Aberdeen North
3,-2.3238179870705,5.374963448786616,-7.093061835513132,53,165,S14000002,Aberdeen South
4,4.985085583837315,7.326883746170362,0.7620094125143069,139,181,S14000058,West Aberdeenshire and Kincardine
5,1.866944806875049,-8.373708292106533,-0.08074736370773437,84,15,S14000003,Airdrie and Shotts
6,-2.066625055283114,4.914989424466193,4.08877801128608,55,159,E14000530,Aldershot
7,6.240991669415681,-2.041163764213628,2.169156058883346,166,73,E14000531,Aldridge-Brownhills
8,1.1996903879274892,7.356067175270607,2.469091550079779,75,181,E14000532,Altrincham and Sale West
9,5.897513767117333,-0.999498889952224,0.9058648133093316,159,87,W07000043,Alyn and Deeside
10,6.933945624536343,-2.601251397197634,0.32931645335566573,178,64,E14000533,Amber Valley
11,4.048084649558053,-2.5610391074296928,-3.444906794392688,122,65,S14000004,Angus
12,1.2012863235498514,-1.5733793202434097,-7.4299239271096615,76,80,W07000057,Arfon
13,4.428774970027786,0.32206059396176384,-4.4592997088184285,128,105,S14000005,Argyll and Bute
14,6.719998967135959,8.014594689991393,0.6390299744342814,174,185,E14000534,Arundel and South Downs
15,6.085100697650358,-5.88518773191141,0.6880266914888914,163,32,E14000535,Ashfield
16,3.4635721919675704,2.4624980814797586,3.667937924933262,110,130,E14000536,Ashford
17,1.0588586782906866,-6.381253570317173,1.4922272556439666,73,28,E14000537,Ashton-under-Lyne
18,0.6908325143664044,5.690050762423205,4.054791845454776,70,168,E14000538,Aylesbury
19,3.855667362686154,-5.464400304880449,-4.257337177843736,116,36,S14000006,"Ayr, Carrick and Cumnock"
20,3.800567670152056,-4.723079234386255,-3.1197786319069136,114,43,S14000010,Central Ayrshire
21,3.290301915061533,-6.520138362234412,-3.408475809317706,107,28,S14000048,North Ayrshire and Arran
22,1.8615592942341563,5.018598616061639,3.1737265566493535,83,161,E14000539,Banbury
23,4.90398716165342,-0.7315480102644099,-1.182651408981507,137,90,S14000007,Banff and Buchan
24,-14.592896987455093,-9.065103250530266,8.639264693005783,16,12,E14000540,Barking
25,4.026576454014668,-6.618853004308461,-0.20908140944883657,120,27,E14000541,Barnsley Central
26,5.35303285372587,-7.9604958444372915,0.3386334719279151,148,18,E14000542,Barnsley East
27,6.92167819656303,-3.4937649803710795,-2.014317244576076,178,51,E14000543,Barrow and Furness
28,2.404265255163399,-0.28392667449415093,3.6474250417103216,93,97,E14000544,Basildon and Billericay
29,3.6909998243489466,-2.4452737992133216,4.338900386006085,114,66,E14000933,South Basildon and East Thurrock
30,-0.6709021674204031,4.670869809043043,3.8875800249587815,62,155,E14000545,Basingstoke
31,6.148416525431415,-2.8730439108889403,0.3444553884312853,164,58,E14000546,Bassetlaw
32,-4.267126470637545,5.48809008139372,-9.561340096005447,41,167,E14000547,Bath
33,1.291713321486522,-4.16735567701742,4.16136777490144,77,48,E14000548,Batley and Spen
34,-20.505034861204557,13.510246066590431,-4.606796789112198,7,200,E14000549,Battersea
35,1.9212202590607907,9.74210671979753,3.3265032382642126,84,193,E14000550,Beaconsfield
36,-0.24114888127539127,8.505717123380139,2.6787624723275982,63,187,E14000551,Beckenham
37,-5.322740824983347,-1.4701180898144415,2.792796506755446,35,81,E14000552,Bedford
38,4.422263490586401,7.537362526917984,3.7155677613269074,127,183,E14000813,Mid Bedfordshire
39,4.649534041508585,6.516205992166564,3.931375232490352,133,176,E14000841,North East Bedfordshire
40,2.451666681884319,2.5486670693438156,3.9104862661072777,94,130,E14000949,South West Bedfordshire
41,-25.454207177546426,4.479797593779468,-5.588759179262354,2,153,E14000553,Bermondsey and Old Southwark
42,7.289212410631113,0.18483376784533406,-2.992175639442517,185,104,E14000554,Berwick-upon-Tweed
43,4.544271943537212,0.13127473387176639,-4.191658937294149,130,103,S14000008,"Berwickshire, Roxburgh and Selkirk"
44,-25.290165471887928,-0.16649479017046812,-3.5505217144318886,3,99,E14000555,Bethnal Green and Bow
45,8.01234046830979,2.1005359698378347,-0.5116659695522255,196,126,E14000556,Beverley and Holderness
46,7.2009684026887495,3.1207539467058187,-1.6873324722628238,184,137,E14000557,Bexhill and Battle
47,0.6254887149584007,-0.011480697307834058,5.23769796093575,68,101,E14000558,Bexleyheath and Crayford
48,0.08890754693987014,-9.489036399275372,-1.7718498945683117,64,10,E14000559,Birkenhead
49,-9.002809334422103,-2.101757342541678,-3.6773422242745837,27,71,E14000560,"Birmingham, Edgbaston"
50,-6.358971978449555,-11.085224226385074,2.5308534330232746,32,5,E14000561,"Birmingham, Erdington"
51,-14.159695341921395,-6.80261545623874,7.972367080452267,17,26,E14000562,"Birmingham, Hall Green"
52,-13.498857985494277,-16.802444316791593,12.06142187260127,19,0,E14000563,"Birmingham, Hodge Hill"
53,-24.232036270904906,-10.847967828263753,0.7471588198310513,4,5,E14000564,"Birmingham, Ladywood"
54,-1.9830969977226647,-8.316429434697106,1.7163205432801811,57,16,E14000565,"Birmingham, Northfield"
55,-11.217964546968613,-8.522694398748827,8.096214995377526,23,14,E14000566,"Birmingham, Perry Barr"
56,-6.6981785921783334,-2.7578377552078277,-4.034980721259062,31,61,E14000567,"Birmingham, Selly Oak"
57,-6.03154395669676,-9.784952344634315,5.8365860527470526,33,8,E14000568,"Birmingham, Yardley"
58,6.303163832236572,-4.966928244622507,-1.9691534800271264,167,41,E14000569,Bishop Auckland
59,-4.339442316064383,-9.226150130415974,5.67865855797136,41,11,E14000570,Blackburn
60,-12.902330660017483,-10.519013646359813,1.4353366401592251,20,6,E14000571,Blackley and Broughton
61,4.32991483719207,-5.503654777083761,-3.4314553988598893,126,35,E14000572,Blackpool North and Cleveleys
62,0.9479605004782544,-8.458510562321809,-3.904770441228471,72,14,E14000573,Blackpool South
63,5.0501286254355655,-12.334105290527784,-3.0417866111378835,142,2,W07000072,Blaenau Gwent
64,6.236586269493295,-2.701651141969315,-0.3770056385065138,165,63,E14000574,Blaydon
65,5.943657551197834,-4.2749931802266365,-0.13864469370942487,160,47,E14000575,Blyth Valley
66,4.405097664344046,-0.32929238778671494,-2.1533935880815775,127,96,E14000576,Bognor Regis and Littlehampton
67,6.425562491507709,-5.545220302725784,-0.12224924921518451,170,34,E14000577,Bolsover
68,-0.161992926673057,-5.298712573043118,1.0987141007580215,64,37,E14000578,Bolton North East
69,-2.5159113117857372,-8.477105260542745,3.771521705617908,51,14,E14000579,Bolton South East
70,4.706201783781314,0.39832275076715157,1.5192843407125693,135,106,E14000580,Bolton West
71,1.3437914634679795,-10.015769507900172,-0.44682821854070337,78,7,E14000581,Bootle
72,4.043835680200684,-4.86588876503045,-0.864855390299969,121,42,E14000582,Boston and Skegness
73,6.910171565376788,2.3195729303840036,1.3815442182571778,177,128,E14000583,Bosworth
74,-3.457676134691576,2.657335909693247,-3.921131059336141,46,132,E14000584,Bournemouth East
75,-2.420316386085215,0.7759262662042615,-6.602774857153842,52,108,E14000585,Bournemouth West
76,0.649308892479077,6.816121391268083,4.298381464728864,69,178,E14000586,Bracknell
77,-8.2205213486838,-10.536498401880262,8.89713918737506,28,6,E14000587,Bradford East
78,-1.152750335512439,-7.687309271672113,4.765502508376723,61,19,E14000588,Bradford South
79,-13.338047159762207,-9.813768571444987,7.53841851425527,19,8,E14000589,Bradford West
80,5.001959904314159,3.028413358743841,3.223653391758005,140,137,E14000590,Braintree
81,7.421108595767255,1.0097758509760144,-3.7159399453800086,188,110,W07000068,Brecon and Radnorshire
82,-25.525989540902017,-2.1705227583365225,6.618714556867143,2,70,E14000591,Brent Central
83,-20.297751072654286,1.0261504755571769,10.827282777829659,8,111,E14000592,Brent North
84,-17.596540925580616,6.347320818910832,3.768217891065086,13,174,E14000593,Brentford and Isleworth
85,4.2349600668843745,6.375144238841531,2.759511853435305,124,175,E14000594,Brentwood and Ongar
86,5.042122344137628,-2.5918852533183787,-2.1947647162193182,141,65,W07000073,Bridgend
87,6.934771224765077,-0.3692023787462108,-1.3044085131795924,179,95,E14000595,Bridgwater and West Somerset
88,7.2105245224046115,-1.229006086500845,1.201062143044628,185,83,E14000596,Brigg and Goole
89,-4.12320998442193,-0.3207528686088061,-5.16896452849601,42,96,E14000597,"Brighton, Kemptown"
90,-9.894972981307786,6.9215343043796995,-8.415714845969791,24,178,E14000598,"Brighton, Pavilion"
91,-1.9660951786767584,-0.8401982433189115,-0.06445126702746047,57,89,E14000599,Bristol East
92,-1.77558519285648,0.22471522854247586,-1.1002157367733705,57,105,E14000600,Bristol North West
93,-1.3440792516629583,-2.9965382944551493,-0.5115372850654484,60,57,E14000601,Bristol South
94,-16.5427853841113,6.351269977603592,-10.356481268680668,13,174,E14000602,Bristol West
95,8.331892582115563,3.6443008678889983,0.8015896362190141,199,143,E14000603,Broadland
96,-2.96265263441477,4.819751892510115,2.554444464513472,48,157,E14000604,Bromley and Chislehurst
97,6.501767882317296,5.144333884065029,1.589092178136496,172,164,E14000605,Bromsgrove
98,1.4077634480660097,1.8145144032060714,5.262621714589928,79,120,E14000606,Broxbourne
99,3.4392698150739216,2.6838157606803135,-0.766288300020164,110,132,E14000607,Broxtowe
100,5.192366525973698,9.646049785831199,3.2252184752365487,144,192,E14000608,Buckingham
101,2.040324049635881,-6.652736901334705,0.03779463933199912,87,26,E14000609,Burnley
102,2.846703818013954,-1.535983221861476,2.11392119494118,100,80,E14000610,Burton
103,2.2645979911035283,-0.6044213813494022,1.6920365945099238,89,93,E14000611,Bury North
104,0.7841375680561364,-0.34298418709597034,1.9735436688100283,71,95,E14000612,Bury South
105,5.276152864298666,4.5004875081175335,0.6192462318961156,146,153,E14000613,Bury St Edmunds
106,4.99092724927022,-6.348538262236782,-0.27186029098438647,139,29,W07000076,Caerphilly
107,5.220826456567852,-3.0029676466178783,-2.656193207857184,144,56,S14000009,"Caithness, Sutherland and Easter Ross"
108,4.496829323450298,2.0214039910039645,-0.41624611100368125,129,124,E14000614,Calder Valley
109,-23.575159867589118,-2.1965517910187082,1.446100943459793,5,69,E14000615,Camberwell and Peckham
110,6.044272744459358,-1.7413403357337178,-2.415775694307954,163,78,E14000616,Camborne and Redruth
111,-13.848225460917243,8.561959163681239,-11.249603244108393,17,188,E14000617,Cambridge
112,5.302016234212005,-1.7210715102971152,1.7002214393140653,147,79,E14000842,North East Cambridgeshire
113,2.2106556146555616,4.009810165165124,3.4294978302917802,88,146,E14000855,North West Cambridgeshire
114,1.9235615007248636,10.48297717468861,1.866366637963275,85,196,E14000934,South Cambridgeshire
115,2.5646363351199475,8.519552234205944,2.100555372665338,97,187,E14000937,South East Cambridgeshire
116,6.223095620748655,-3.480185667346886,2.3022390371359096,165,51,E14000618,Cannock Chase
117,-1.6205988120103385,3.4180318653783046,-7.22460784553042,59,140,E14000619,Canterbury
118,-11.454517038581562,1.366268459145453,-13.572012875669225,22,115,W07000050,Cardiff Central
119,1.553203724000057,4.038454911502488,-2.9604483244395667,81,146,W07000051,Cardiff North
120,-4.339618242698712,-3.423713710336447,-1.8246519758856576,40,52,W07000080,Cardiff South and Penarth
121,-2.2685556264285447,-2.4061286628795173,-1.6395951316607835,53,67,W07000079,Cardiff West
122,4.561886243996893,-2.215620567773968,-1.9969458746069497,131,69,E14000620,Carlisle
123,7.8510309622038505,-1.468428955820735,-2.644144189170935,193,81,W07000067,Carmarthen East and Dinefwr
124,6.227825747498226,-1.8845535871324512,-3.377781160771989,165,75,W07000066,Carmarthen West and Pembrokeshire South
125,-3.5361383247315024,1.8486714223424348,5.524316020592312,45,121,E14000621,Carshalton and Wallington
126,7.527406744360767,0.2126974518397232,2.6703213099166003,190,104,E14000622,Castle Point
127,3.0997254887652477,1.0871959486297402,-9.603111657247203,104,112,W07000064,Ceredigion
128,6.3618715013928036,4.091403052356623,3.0468333372838012,168,147,E14000625,Charnwood
129,1.9570258666820264,-1.760625570849153,4.655477146845868,86,77,E14000626,Chatham and Aylesford
130,3.9907311432403123,6.3651168705557275,2.3560030715978106,120,175,E14000627,Cheadle
131,1.1706037787937713,4.771537666080621,1.7810569141525594,74,157,E14000628,Chelmsford
132,-22.219889837104738,13.827562160754045,-5.848867675499544,7,200,E14000629,Chelsea and Fulham
133,-0.9965365375475739,5.073949275941809,-3.4895898881541223,61,163,E14000630,Cheltenham
134,3.152273847321107,10.466598300967679,4.000202854074025,106,196,E14000631,Chesham and Amersham
135,1.2942055275391582,3.0176929752493953,-4.28170802245917,77,136,E14000640,City of Chester
136,4.671679361277797,-3.9060324187719524,-1.4116275567317411,134,50,E14000632,Chesterfield
137,4.775292591420516,5.818078462527939,-2.714361475349571,136,170,E14000633,Chichester
138,-5.237307556098347,3.136318750878522,4.3774842041330855,35,138,E14000634,Chingford and Woodford Green
139,5.04354041532909,4.366418270256785,1.6031563546469862,141,150,E14000635,Chippenham
140,-9.765241190043001,7.053109087162712,4.504173544177846,24,180,E14000636,Chipping Barnet
141,5.691013806123026,1.6214092458218692,0.9547333438470379,154,117,E14000637,Chorley
142,9.30389557970942,3.1896698781140462,-2.727877433974614,200,138,E14000638,Christchurch
143,-26.352648233548553,13.335687486278625,-11.119328288023093,1,199,E14000639,Cities of London and Westminster
144,7.570843458527721,-6.96772400249564,-3.718277536829382,190,24,E14000642,Clacton
145,7.02568812573893,-2.725146155114954,0.3743198914077119,180,62,E14000643,Cleethorpes
146,5.67841129481797,-3.17888066654546,-0.9800155708851226,153,53,W07000062,Clwyd South
147,6.741753457294855,-1.2521655691834963,-3.7317583932824507,175,83,W07000059,Clwyd West
148,1.3977384014860499,-6.961738352450252,0.08240720896836395,78,24,S14000011,"Coatbridge, Chryston and Bellshill"
149,-2.514973450277952,1.8159155031535594,-1.314187993909466,51,120,E14000644,Colchester
150,3.1019403119942726,1.3686193059592593,1.5048924382170186,104,115,E14000645,Colne Valley
151,7.201682057538198,4.231704213261505,0.6422658193498835,184,149,E14000646,Congleton
152,7.860795982265642,-2.5029137810151685,-1.424480903557701,193,65,E14000647,Copeland
153,3.2018388702936718,-0.25598768000879973,3.0550672204395264,106,97,E14000648,Corby
154,7.199099497513273,0.5999497104694973,-2.2148171687492986,183,107,E14000837,North Cornwall
155,7.519999094008911,1.6639053911740684,-1.4486362693978905,190,118,E14000938,South East Cornwall
156,5.879920876328649,7.495568476725058,-1.1539043836896792,158,182,E14000991,The Cotswolds
157,-7.374213771392451,-7.6841634901824145,4.695808627007889,30,20,E14000649,Coventry North East
158,-2.662700211974389,-1.8003891133795389,0.7609583280054025,50,77,E14000650,Coventry North West
159,-7.654408626092466,-1.8917272792943074,-4.397696233381304,29,75,E14000651,Coventry South
160,-4.100210884072602,0.23975538770963628,5.883345876038003,42,105,E14000652,Crawley
161,3.6630262702291523,-0.6493206187689222,0.5320979862042208,113,92,E14000653,Crewe and Nantwich
162,-10.144812184354294,-0.8152054808586773,5.590392681688415,24,90,E14000654,Croydon Central
163,-17.91680977044712,-2.9920453181662423,7.960574802945898,11,57,E14000655,Croydon North
164,-4.542234327241085,6.339017129393729,4.936084881743269,39,174,E14000656,Croydon South
165,2.8783686421964756,-4.1580479994137916,-0.07409449468866372,101,48,S14000012,"Cumbernauld, Kilsyth and Kirkintilloch East"
166,5.237235102924295,-9.282304630206674,-2.5072444070362785,146,11,W07000070,Cynon Valley
167,-4.9095223135774,-6.0071855960295615,6.544327545278699,37,31,E14000657,Dagenham and Rainham
168,2.850832267557246,-4.211153528035708,-0.25845786370274143,100,48,E14000658,Darlington
169,1.1983000199391645,1.7097475636597061,4.462688078420796,75,119,E14000659,Dartford
170,5.752598572776665,4.948958349312369,2.904878156521535,156,160,E14000660,Daventry
171,6.998788931651328,-1.4119221170227894,-0.44628995275544775,180,82,W07000042,Delyn
172,2.8581340342772177,-3.9022186331396216,0.7699803914879488,100,50,E14000661,Denton and Reddish
173,-1.1653687495228258,-1.6493969455565105,-1.9132111717261375,60,79,E14000662,Derby North
174,-5.7481905920679495,-8.29781921137796,4.015552053082002,34,16,E14000663,Derby South
175,7.856141936849976,5.164493394887655,-0.9951611188313543,193,164,E14000664,Derbyshire Dales
176,7.332721674804628,4.11450731413744,0.9688092156770679,186,148,E14000814,Mid Derbyshire
177,7.932327852386973,-0.9756445272265496,0.227459152084637,195,87,E14000843,North East Derbyshire
178,6.102324976759307,2.234469161419539,2.658052917656787,164,127,E14000935,South Derbyshire
179,3.487176530862661,7.245242851215367,0.011112961977387781,111,181,E14000665,Devizes
180,7.456549926877789,5.12611194928866,-0.5265829122093932,189,163,E14000623,Central Devon
181,7.847845800135593,4.511432193651529,-2.859008986440852,192,153,E14000678,East Devon
182,6.777218255681058,1.2353197128438917,-1.784228461034896,176,113,E14000838,North Devon
183,8.47091417438616,4.941522204740194,0.3108749934416935,200,159,E14000950,South West Devon
184,7.827789521779159,1.789122097160373,-2.0169870129619563,192,120,E14001000,Torridge and West Devon
185,1.8300308789809427,-2.4393677128402658,3.724913547398256,83,66,E14000666,Dewsbury
186,5.792213477277271,-5.000179593025793,0.7897952534768693,157,40,E14000667,Don Valley
187,0.47048605788016923,-5.61373877873176,0.9804092123068938,66,34,E14000668,Doncaster Central
188,5.104190599031141,-7.993939866321627,1.4796388417755728,143,18,E14000669,Doncaster North
189,8.134661100363141,4.913092832934058,1.2643610264653664,198,158,E14000815,Mid Dorset and North Poole
190,7.332018651109235,5.852415992258004,0.5308674017794734,186,171,E14000839,North Dorset
191,5.746524740435704,0.45182362483451594,-2.8249251305680563,155,107,E14000936,South Dorset
192,7.953149678843273,4.1866150577958345,-2.8443436553782466,195,149,E14001031,West Dorset
193,4.214931092131997,-2.071444133377479,-0.06573161350696059,123,71,E14000670,Dover
194,2.6629474004086715,-7.338884757757465,2.816178916756615,99,21,E14000671,Dudley North
195,4.654011882462769,-5.66446206584805,2.0705928446505997,134,33,E14000672,Dudley South
196,-19.223460938596684,4.871561371644722,0.7816361990969145,10,158,E14000673,Dulwich and West Norwood
197,4.98102581464249,-2.3374674965284243,-4.3477501032303225,139,67,S14000013,Dumfries and Galloway
198,5.482786837625451,-0.22055390744140893,-2.9031954202500927,151,98,S14000014,"Dumfriesshire, Clydesdale and Tweeddale"
199,5.228829861539986,4.948451968682468,-0.4014249439863268,145,159,S14000018,East Dunbartonshire
200,1.1358972450816704,-8.61909242624718,-3.191775134596568,73,13,S14000059,West Dunbartonshire
201,1.9397266105992768,-3.065825364555242,-3.912542938060538,85,56,S14000015,Dundee East
202,-3.4997703913862144,-5.922033645491916,-11.274851163556509,45,31,S14000016,Dundee West
203,2.51270972154938,-0.6147817091201486,-1.0895814962561619,95,92,S14000017,Dunfermline and West Fife
204,1.4354605796190325,0.11110498191503203,-7.906075688775438,79,102,E14000641,City of Durham
205,6.282148395323185,-4.673502254361228,-0.7348300250475477,166,44,E14000840,North Durham
206,6.421415811845894,-2.796758742938216,-1.4018435606786193,170,61,E14000856,North West Durham
207,7.359526918993972,-1.1003312489120995,-5.499638170407986,187,85,W07000061,Dwyfor Meirionnydd
208,-21.366059028197565,9.050462443474936,0.729820951455575,7,191,E14000674,Ealing Central and Acton
209,-17.61957352183242,-0.15731637705393559,9.64753744452953,12,100,E14000675,Ealing North
210,-19.857452676909524,-2.024850347128449,10.555086058503207,9,74,E14000676,"Ealing, Southall"
211,5.471494883317247,-9.772945187202344,-1.3242718714364,150,9,E14000677,Easington
212,-25.076543982648822,-6.956230022653076,9.962340396702743,3,25,E14000679,East Ham
213,3.9118398602516837,-1.1901226368843663,-0.5968981357327215,117,84,S14000019,"East Kilbride, Strathaven and Lesmahagow"
214,3.3342654664489446,0.07837314597009057,-1.8983585556386902,108,102,S14000020,East Lothian
215,1.8766353180187003,-0.10540212449115827,-3.488672381404646,84,100,E14000684,Eastbourne
216,3.8931164971248715,4.3900337874733895,2.7230747236157655,117,151,E14000685,Eastleigh
217,6.935529691387419,3.440280185560011,1.2917784019025171,179,141,E14000686,Eddisbury
218,-7.775914288806693,-0.21989815659927875,-13.377600790104824,29,98,S14000022,Edinburgh East
219,-8.337679768437411,5.636186672574226,-10.697813093311325,28,168,S14000023,Edinburgh North and Leith
220,-3.579300286235066,5.193958748846894,-9.062866442375993,44,164,S14000024,Edinburgh South
221,-5.546208824205698,1.9826142698361768,-8.968091288177416,34,123,S14000025,Edinburgh South West
222,1.2521222761443704,3.3021250728561973,-2.809849331861282,76,139,S14000026,Edinburgh West
223,-18.450188209317155,-7.181174352030675,9.582073219767604,11,22,E14000687,Edmonton
224,5.968279280986161,-0.9023948695281069,0.4650332475643267,161,89,E14000688,Ellesmere Port and Neston
225,6.749081193298959,3.6233241317537934,1.0518414167416488,175,142,E14000689,Elmet and Rothwell
226,-6.685791192094507,-0.5586346623883689,2.4831891721009987,31,93,E14000690,Eltham
227,-10.791850520752773,-2.2138493044399845,7.28985441248899,23,69,E14000691,Enfield North
228,-12.250399859357438,7.023925085951225,3.40439440984925,21,179,E14000692,"Enfield, Southgate"
229,1.261313699413978,4.347287270193469,2.943882092226373,77,150,E14000693,Epping Forest
230,0.8696841878042457,9.199571430456006,3.487833348070362,71,192,E14000694,Epsom and Ewell
231,5.229377569850747,-2.9425794483132717,0.8832362537263927,145,58,E14000695,Erewash
232,-12.064370339600593,-4.678886113785424,7.350576735736124,21,44,E14000696,Erith and Thamesmead
233,-1.70108132582405,11.664824248579663,3.6844801944358494,58,198,E14000697,Esher and Walton
234,-2.4133300174379584,1.121058213922671,-7.2295083929459105,52,112,E14000698,Exeter
235,3.2862679631800518,-2.7525683494958466,-1.0119801657604597,107,62,S14000028,Falkirk
236,6.39071935836003,6.182304439436065,1.6987606883321253,169,173,E14000699,Fareham
237,5.146498232263196,2.907759540988836,3.0665011803267523,143,135,E14000700,Faversham and Mid Kent
238,-15.363256214355554,-3.200655111816959,10.794754087922328,14,53,E14000701,Feltham and Heston
239,2.31751009469583,2.99281877886548,-8.79962252277978,90,136,S14000049,North East Fife
240,1.807113178112913,5.29489959035999,0.7405970670700395,83,165,E14000702,Filton and Bradley Stoke
241,-17.49587733991682,9.736628059339214,2.81572608162742,13,193,E14000703,Finchley and Golders Green
242,3.403333236666705,-0.953378942924976,-0.5729757254169806,109,88,E14000704,Folkestone and Hythe
243,7.766331272331482,1.8945885490309653,0.12867130486163594,192,122,E14000705,Forest of Dean
244,6.093797194994006,3.084036101754612,-2.7579425404723485,163,137,E14000706,Fylde
245,8.01733620282915,0.924252625923523,0.12140748214182184,196,110,E14000707,Gainsborough
246,1.1885264959906712,-6.969166141048822,-0.8645372446415881,74,24,E14000708,Garston and Halewood
247,-0.7544881825714711,-7.516313145906678,-2.9048826654038735,62,21,E14000709,Gateshead
248,4.047330998446747,0.06265946296510426,0.856314532375015,121,102,E14000710,Gedling
249,1.7833244044163608,-1.0316182919965171,3.2259930492167586,82,86,E14000711,Gillingham and Rainham
250,-13.574151746512186,-4.792592409858499,-16.04027566967995,18,43,S14000029,Glasgow Central
251,-2.1084722767068236,-14.428936821970115,-3.7028282318756363,54,0,S14000030,Glasgow East
252,-9.69632925331759,-0.721157531307726,-16.19200888808906,25,91,S14000031,Glasgow North
253,-6.257486229421963,-14.767489061951643,-7.565675972067954,32,0,S14000032,Glasgow North East
254,-4.523237155493961,-7.256140881008678,-7.424750010934684,39,22,S14000033,Glasgow North West
255,-3.5024964608449634,-3.598693466703225,-5.364089550736359,45,51,S14000034,Glasgow South
256,-2.886481476161058,-12.030622679567125,-3.4367430761921725,49,2,S14000035,Glasgow South West
257,3.040547083642936,-7.389997332598058,-2.123964533514189,103,21,S14000036,Glenrothes
258,0.6356628347203696,-1.0503108147027194,2.116318098129537,69,85,E14000712,Gloucester
259,4.9931557130184805,6.069054794676136,0.3301000390473432,140,172,S14000037,Gordon
260,4.48927692096479,0.6553101398635575,0.32672970212076863,129,107,E14000713,Gosport
261,6.894877320389897,1.1673962740525403,-2.310578579315315,177,113,W07000046,Gower
262,5.303160114442556,2.056310507346122,1.1315506033771956,147,125,E14000714,Grantham and Stamford
263,0.14560563549071162,-1.4509117414320911,5.129934791868257,65,82,E14000715,Gravesham
264,2.0387332023578546,-10.051938781297656,0.03838239550357625,86,7,E14000716,Great Grimsby
265,4.541054540456548,-6.848576254433644,-0.6853871545866892,130,25,E14000717,Great Yarmouth
266,-20.0674359108079,0.8785201163163419,0.07844236514886595,8,109,E14000718,Greenwich and Woolwich
267,-2.642344482755441,9.724437893890288,-2.1224681325978576,50,193,E14000719,Guildford
268,-24.907611061018525,2.284459294711666,0.5102295143836562,4,128,E14000720,Hackney North and Stoke Newington
269,-25.964276836084135,-0.6255475955695571,-1.4410281136632277,1,92,E14000721,Hackney South and Shoreditch
270,3.511400376510165,-4.150512210045533,1.9410347081141117,111,49,E14000722,Halesowen and Rowley Regis
271,0.013082942090299914,-4.542135931172098,2.0266812928231746,64,45,E14000723,Halifax
272,8.051647741461055,5.3711310366948375,-0.025220748320299777,197,165,E14000724,Haltemprice and Howden
273,4.372089440236842,-6.374925833832812,0.9511772401518653,126,29,E14000725,Halton
274,-25.04785855370487,7.046697102150596,-4.589260861785988,3,179,E14000726,Hammersmith
275,4.673568768249344,8.078219006882984,2.124323980779264,135,186,E14000680,East Hampshire
276,3.9698353869535414,11.909972620447375,3.8349227978105307,119,199,E14000844,North East Hampshire
277,4.585937692945584,6.397715940447513,2.6571502268097382,132,176,E14000857,North West Hampshire
278,-23.90231196844292,11.453290807989744,-4.061351967842534,5,197,E14000727,Hampstead and Kilburn
279,3.9929336290358135,3.9277547444130203,2.4261167417485456,120,145,E14000728,Harborough
280,1.00051285879392,-1.7521478674640873,3.5050342410200246,72,77,E14000729,Harlow
281,3.4382073089049574,6.460671628596156,-0.33773495041388235,109,176,E14000730,Harrogate and Knaresborough
282,-13.105438351723597,3.4693251462987056,11.080851857943413,20,141,E14000731,Harrow East
283,-15.7838860726932,4.422912410385251,9.38611904449319,14,152,E14000732,Harrow West
284,3.9839036125964005,-9.641488594004063,-0.8016929887203798,119,10,E14000733,Hartlepool
285,5.850828026553578,2.6854800858513643,-0.519787814469631,157,133,E14000734,Harwich and North Essex
286,1.55230349238476,-3.073880747836144,-2.34217430129713,80,55,E14000735,Hastings and Rye
287,5.193592812613472,-2.1140290760409326,0.44795882664324155,144,71,E14000736,Havant
288,-14.974233495611992,-4.328743270846615,12.277067059928187,15,47,E14000737,Hayes and Harlington
289,6.351641247787872,1.962597248430423,0.511354276484638,167,123,E14000738,Hazel Grove
290,0.5907753611836073,2.437594435864747,3.3158899216038273,68,129,E14000739,Hemel Hempstead
291,5.4758900760087155,-5.838251333045276,0.6999982022143053,150,32,E14000740,Hemsworth
292,-17.633153493198673,3.2520578852512423,6.881159050530869,12,139,E14000741,Hendon
293,4.462937561226666,10.564234162170125,1.6140697705389584,128,197,E14000742,Henley
294,4.384732349543523,0.8580258428350213,-0.3419747844314733,127,109,E14000743,Hereford and South Herefordshire
295,7.37432450071691,4.345153308667031,-0.4816663044139073,187,150,E14000847,North Herefordshire
296,2.1445700560835164,7.9014567898304975,3.31715073677487,88,184,E14000744,Hertford and Stortford
297,3.655268523438884,5.724343521388357,3.0232709139569134,113,169,E14000845,North East Hertfordshire
298,1.516377196350625,9.017074217550533,3.4491863997091303,80,190,E14000951,South West Hertfordshire
299,-2.0664909004755696,6.238666085492991,4.437072713624849,56,173,E14000745,Hertsmere
300,7.425638427624483,5.422957397692211,-1.1414354430986784,188,166,E14000746,Hexham
301,2.5281792218950256,-4.957885526709977,0.9861512159973546,95,41,E14000747,Heywood and Middleton
302,5.40935084921712,2.1243055417027152,-0.023152780922908615,149,126,E14000748,High Peak
303,1.1118756652707722,9.93657801615856,3.127666496272356,73,194,E14000749,Hitchin and Harpenden
304,-24.60122367437333,4.632574112568271,-9.225121381820832,4,154,E14000750,Holborn and St Pancras
305,2.9159466643602725,0.3607372279022169,3.497318630084921,101,106,E14000751,Hornchurch and Upminster
306,-19.679849197412146,9.178335105492136,-0.7711239239815626,9,191,E14000752,Hornsey and Wood Green
307,3.815780056232404,8.1575054025056,3.3233938701471746,115,186,E14000753,Horsham
308,5.727777989876612,-7.733968053431315,-0.581679273648367,155,19,E14000754,Houghton and Sunderland South
309,-6.2408290913536755,6.218382823607283,-3.214226247424463,33,173,E14000755,Hove
310,-4.573267786222723,-4.892812340470666,-0.8546912492291077,38,42,E14000756,Huddersfield
311,2.3048488505148503,-10.908434404253681,0.0019902869485876203,90,5,E14000771,Kingston upon Hull East
312,-3.811880119860409,-8.931735619395754,-3.2376689531092846,43,12,E14000772,Kingston upon Hull North
313,-1.4157056388992677,-9.194770973546145,-2.2301757835570877,60,11,E14000773,Kingston upon Hull West and Hessle
314,2.378321384122502,5.03440382055888,2.0258661396649935,92,161,E14000757,Huntingdon
315,2.5339141079422878,-5.164638089747482,1.211449386378051,95,39,E14000758,Hyndburn
316,-9.283609249634436,1.4126123321924162,8.970834520970246,25,116,E14000759,Ilford North
317,-18.780304875920244,-2.5933382885930523,12.586138840894774,10,64,E14000760,Ilford South
318,1.7704327373742084,-6.826381546670354,-4.268505580317683,82,25,S14000038,Inverclyde
319,2.550969116685199,1.1105528210960682,-2.3046538183887173,96,112,S14000039,"Inverness, Nairn, Badenoch and Strathspey"
320,-2.122888006020679,-2.665416808889054,0.6212763570125339,54,64,E14000761,Ipswich
321,5.5751507341328495,-1.5327601562629296,-2.530289420987916,152,81,E14000762,Isle of Wight
322,-23.038824462479997,4.972016377376148,-4.781934720588652,6,160,E14000763,Islington North
323,-23.51938395566329,5.367617410461288,-8.375467619750028,5,165,E14000764,Islington South and Finsbury
324,6.33606180184111,-6.708012349946346,-0.9104813108455461,167,26,W07000077,Islwyn
325,4.931697322636959,-6.63179391229747,-0.33957523343403684,138,27,E14000765,Jarrow
326,2.557386380907134,-0.2102955790695894,2.3279466886099405,96,98,E14000766,Keighley
327,5.629532329373077,8.707907354553653,-0.14074293142085414,152,189,E14000767,Kenilworth and Southam
328,-26.35610284094403,11.475488349665522,-6.149442071931934,0,197,E14000768,Kensington
329,3.6186341843266048,1.0150236306911398,2.3436273262987215,112,111,E14000769,Kettering
330,3.135730248718973,-5.518383728766677,-2.3513630143948188,105,35,S14000040,Kilmarnock and Loudoun
331,-9.122951894782462,7.627327711071256,0.5481862063452791,26,183,E14000770,Kingston and Surbiton
332,5.66204644880802,2.604971139599805,2.664046968096343,153,131,E14000774,Kingswood
333,2.3223090249201093,-4.769493257198731,-2.9964997020347677,91,43,S14000041,Kirkcaldy and Cowdenbeath
334,1.9954720909384394,-11.826677114587456,0.6931724020430692,86,3,E14000775,Knowsley
335,3.333315250768739,-3.1489972607370778,-2.3988291958263916,108,54,S14000042,Lanark and Hamilton East
336,5.045643444415021,-1.0305750420319122,-0.3102945601749195,141,86,E14001033,West Lancashire
337,1.39235843951688,-0.17313910798570495,-7.8231100560158024,78,99,E14000776,Lancaster and Fleetwood
338,-13.729615770336968,-7.585294957257797,-7.869679376560179,18,20,E14000777,Leeds Central
339,-3.3681436288220805,-9.821643933863305,2.994415493678425,47,7,E14000778,Leeds East
340,-5.098106923793743,3.491276281762042,0.8301650242468076,36,141,E14000779,Leeds North East
341,-3.2274353108196014,4.474285170317425,-10.397416263799053,48,152,E14000780,Leeds North West
342,-3.66348280441232,-4.818306438154129,-2.535939848952634,44,43,E14000781,Leeds West
343,-10.503751347836221,-8.30692611123307,10.733544311381674,23,16,E14000782,Leicester East
344,-13.83397796956122,-5.51678101371795,-1.1911731686886735,17,35,E14000783,Leicester South
345,-8.654133376379813,-8.185854766208182,1.5635938194246177,27,17,E14000784,Leicester West
346,6.158439572347493,1.2243051540709353,2.0153400762436124,164,113,E14000858,North West Leicestershire
347,6.388727251506259,4.41169671516185,3.5695939218112485,169,152,E14000940,South Leicestershire
348,4.302920693340936,-3.3983550853118207,1.36448219004641,125,52,E14000785,Leigh
349,5.4112829159203075,4.1561234522711095,-1.4778979992949237,149,148,E14000786,Lewes
350,-23.084809225283188,2.2347567093573097,-0.9566580130906156,6,127,E14000789,"Lewisham, Deptford"
351,-14.709855391306869,-0.4661696277475597,3.6655458506493006,15,94,E14000787,Lewisham East
352,-14.64271260723412,1.7603143544564221,1.6950806702242869,15,119,E14000788,Lewisham West and Penge
353,-19.6018545573533,1.3250436295203307,3.363386962169089,9,114,E14000790,Leyton and Wanstead
354,6.945558349662703,3.228577170884391,1.5022521433391294,179,138,E14000791,Lichfield
355,-0.06720678822501278,-2.442274399751026,-4.75223991056628,64,66,E14000792,Lincoln
356,2.392428391992876,-2.865456310210847,-0.5968957057701292,92,59,S14000043,Linlithgow and East Falkirk
357,-15.70757929928226,-3.2440423209849767,-17.205162321861255,14,52,E14000793,"Liverpool, Riverside"
358,-2.0829962751694153,-13.955834546312019,-2.272126635381087,55,0,E14000794,"Liverpool, Walton"
359,-6.6705141832899,-5.070107016623212,-5.142655014180745,31,39,E14000795,"Liverpool, Wavertree"
360,-0.24877417075708066,-10.262730969471553,-0.05732838876547878,63,7,E14000796,"Liverpool, West Derby"
361,1.5423081138911956,-2.98882442646504,1.4220693004483476,80,57,S14000044,Livingston
362,5.707948777152494,-6.3299809749507565,-2.4205039854279695,154,29,W07000045,Llanelli
363,-0.4820292400076701,2.4141619533879113,-4.638855090136684,62,129,E14000797,Loughborough
364,8.758633449517523,-2.255531395715506,-3.4080865210510223,200,68,E14000798,Louth and Horncastle
365,7.872558871578911,3.635559932112386,-1.1284924271652041,194,143,E14000799,Ludlow
366,-7.075526938006407,-2.8652838673218715,8.901864549247438,30,59,E14000800,Luton North
367,-12.372460993735208,-3.130322021382838,5.293624054346589,21,55,E14000801,Luton South
368,5.339848931774033,5.399330471079247,-0.14062802574498118,147,166,E14000802,Macclesfield
369,0.33152752731571133,10.271099432673253,3.7542784016523623,66,195,E14000803,Maidenhead
370,2.3703894036268673,4.730137405983402,2.0337429951438235,92,156,E14000804,Maidstone and The Weald
371,6.3676034077249035,-2.772055765514284,2.2687440925267346,168,61,E14000805,Makerfield
372,7.2023350698755255,4.764378311641623,3.164630881617264,184,157,E14000806,Maldon
373,-20.37970304837342,-4.6188421509236415,-10.48404574975562,8,45,E14000807,Manchester Central
374,-18.524414903843642,-6.0133828474853175,-3.2465266837406204,10,30,E14000808,"Manchester, Gorton"
375,-12.4488021887935,5.067091290589564,-7.257874515226229,21,162,E14000809,"Manchester, Withington"
376,4.752774347488312,-5.352604498197047,0.06238130903497607,136,37,E14000810,Mansfield
377,7.015872575856257,7.130170330180454,1.9015297409950516,180,180,E14000811,Meon Valley
378,3.1156269377441155,-0.7438078864196831,2.969842403713655,104,90,E14000812,Meriden
379,4.274262305312939,-11.137902713323738,-1.893332164000822,125,4,W07000071,Merthyr Tydfil and Rhymney
380,-3.4321756390911933,-12.406010215024235,-1.2705056300217354,46,2,E14000819,Middlesbrough
381,5.914774832059346,-4.930413367298913,-0.6250719414468873,159,41,E14000820,Middlesbrough South and East Cleveland
382,3.6392008606271347,-2.0551284958761364,-0.5902520457541699,112,72,S14000045,Midlothian
383,-4.442949697411729,3.788937410086664,5.206006070172194,39,144,E14000821,Milton Keynes North
384,-4.392571119523684,2.589264942377256,6.569568294822274,40,131,E14000822,Milton Keynes South
385,-14.400130176858205,-0.14504846823510756,6.788092229335057,16,100,E14000823,Mitcham and Morden
386,3.6750525530104854,10.310181947154062,1.8573137471447227,114,195,E14000824,Mole Valley
387,6.771961233462034,2.4481466462165615,-1.8732061808867395,175,129,W07000054,Monmouth
388,7.627059295247783,1.0477478256050972,-1.6567425748152704,191,111,W07000063,Montgomeryshire
389,4.650223663728343,0.177950928601662,-2.0190812105858735,133,103,S14000046,Moray
390,5.992397731701542,-2.1279514698287803,-1.8533033803207193,161,71,E14000825,Morecambe and Lunesdale
391,4.8998944317000035,1.5105847054708974,1.7483866742089915,137,116,E14000826,Morley and Outwood
392,0.7716509455852102,-7.978175983585332,-1.679317697898777,70,18,S14000047,Motherwell and Wishaw
393,5.7618533266094,-0.917145738744731,-3.221904202610125,156,89,S14000027,Na h-Eileanan an Iar
394,6.47914866907911,-5.925551803371735,-2.9518437445831944,171,31,W07000069,Neath
395,7.0400274616688,4.109787171720942,1.0423613008130357,181,148,E14000827,New Forest East
396,8.289789928805549,4.690082057738189,-2.458456966748862,198,156,E14000828,New Forest West
397,5.614079830648752,2.7056331051842175,0.22171211366402532,152,133,E14000829,Newark
398,2.5525866187510933,7.803119767558288,2.9437235895420275,96,184,E14000830,Newbury
399,3.000829090514061,-2.238529312891672,-2.975809862563706,101,68,E14000834,Newcastle-under-Lyme
400,-9.43537474534624,-7.306776958731017,-4.51579448775738,25,22,E14000831,Newcastle upon Tyne Central
401,-8.58359325821337,-2.350984022560986,-14.5558782991845,27,67,E14000832,Newcastle upon Tyne East
402,2.7004959865541376,-2.1952553261144105,-1.0030581193731738,99,70,E14000833,Newcastle upon Tyne North
403,2.3450068640799353,-5.539128244466888,0.39643353295559236,91,34,W07000055,Newport East
404,1.6100095301768909,-3.1617550931427116,-0.919049826828553,81,54,W07000056,Newport West
405,7.348769992643546,1.3914138699534064,-2.0253411452004015,187,116,E14000835,Newton Abbot
406,7.097205604895411,1.6369599867059639,0.20445644488448925,182,118,E14000816,Mid Norfolk
407,8.921124928244199,-0.45980699239763534,-3.963575076132319,200,94,E14000848,North Norfolk
408,6.014571035860417,-1.7298961956573242,-1.155056089754623,162,78,E14000859,North West Norfolk
409,7.30665579923652,4.647639894698142,0.5804876481374186,185,154,E14000941,South Norfolk
410,5.376380387415002,0.18385207560093833,0.6005997540925905,148,104,E14000952,South West Norfolk
411,5.071728239829807,-6.5717797332762675,0.5546055843706468,142,28,E14000836,"Normanton, Pontefract and Castleford"
412,-1.7288150470112171,-1.9061506943867597,1.163360264432979,58,75,E14000861,Northampton North
413,-5.0440464229599185,-1.7251596415508983,1.487773642327784,36,78,E14000862,Northampton South
414,4.472802187747587,8.760948186655416,4.678028103473239,129,189,E14000942,South Northamptonshire
415,3.0972674115190206,-1.1005933500031013,-0.8156634895240393,103,85,E14000863,Norwich North
416,-5.1710822514664105,-0.3315950351769394,-8.811101842169014,35,96,E14000864,Norwich South
417,-14.34332948486308,-5.755465681910832,-5.647166747477334,16,33,E14000865,Nottingham East
418,-4.1201401279166845,-13.803579136611226,2.2308039193770006,42,1,E14000866,Nottingham North
419,-11.927103813164745,-2.629493355480507,-10.905396687391587,22,64,E14000867,Nottingham South
420,4.108970358025645,-2.8315382651446903,2.845998504019669,122,60,E14000868,Nuneaton
421,4.082333311117614,-0.3626047295923359,-1.6705307788677202,122,95,S14000050,Ochil and South Perthshire
422,5.819227984181293,-7.379005384518774,-1.1988907885925841,157,21,W07000074,Ogmore
423,2.664780398116091,3.8768509797430624,3.663968608696206,99,144,E14000869,Old Bexley and Sidcup
424,1.1811810231271216,-4.474113013798395,3.4066334060165735,74,46,E14000870,Oldham East and Saddleworth
425,-1.8834340432412202,-8.555403053797773,5.003583713959144,57,13,E14000871,Oldham West and Royton
426,5.234855464389756,2.3985942791087416,-1.988358068645522,145,129,S14000051,Orkney and Shetland
427,2.6525262802298855,5.125626479179223,3.8032546520061232,98,163,E14000872,Orpington
428,-13.597665211711393,3.746678295798815,-8.268338917745847,18,144,E14000873,Oxford East
429,-2.3751365740177603,9.818747640781984,-2.442364709225342,52,193,E14000874,Oxford West and Abingdon
430,2.7711687257733764,-2.7271584665669923,-1.8446594820059943,100,62,S14000052,Paisley and Renfrewshire North
431,0.5365314533877055,-5.81043678581952,-4.9427718401421945,67,32,S14000053,Paisley and Renfrewshire South
432,1.3520959130607575,-4.676718322334418,1.5629553005354841,78,44,E14000875,Pendle
433,7.861630755289919,1.3257902542645157,0.36800531405878545,193,114,E14000876,Penistone and Stocksbridge
434,8.133401748261088,4.0611107269046745,-1.0352007653200974,198,147,E14000877,Penrith and The Border
435,3.0109794582292606,0.7499451422580367,-4.317536389585482,102,108,S14000054,Perth and North Perthshire
436,-5.114387459921042,-4.382853199983636,5.26420625926026,36,46,E14000878,Peterborough
437,4.676977768705136,-6.55331596697954,-0.09264072811659128,135,28,E14000879,"Plymouth, Moor View"
438,-4.77427637075997,-2.054705509526466,-8.935463393273912,37,72,E14000880,"Plymouth, Sutton and Devonport"
439,4.157398299177887,-2.1439353215785624,-2.6943058277776206,123,70,W07000075,Pontypridd
440,3.056673898192302,2.6204786188445093,-1.6241692595853265,103,131,E14000881,Poole
441,-26.43841199532424,1.8599621867899898,-0.3870290682594469,0,121,E14000882,Poplar and Limehouse
442,2.4045988345423304,-1.1218449836777724,2.474804636257669,93,84,E14000883,Portsmouth North
443,-9.151943448530975,-0.6997540475985566,-8.810549831014859,26,91,E14000884,Portsmouth South
444,6.592220104918389,-1.738782724189571,-2.5643210073016687,172,78,W07000065,Preseli Pembrokeshire
445,-6.642103944088572,-7.579567596923521,-3.2072473961739636,32,20,E14000885,Preston
446,3.5820482029241254,5.014458486606687,0.394790287348025,112,161,E14000886,Pudsey
447,-17.82734664691989,11.656732898517712,-3.1825734491852367,12,198,E14000887,Putney
448,7.443671365156754,4.687272829050495,3.653417881621774,189,155,E14000888,Rayleigh and Wickford
449,-9.053238571286773,6.691971571344671,-1.034808649990008,26,177,E14000889,Reading East
450,-3.032512308623781,2.2400067604482254,4.375561985373399,48,127,E14000890,Reading West
451,5.160422773388892,-8.747881334858445,-0.7648767084342085,143,13,E14000891,Redcar
452,3.249179437818049,-0.5620563404507181,3.0422037255474366,106,93,E14000892,Redditch
453,0.2707566296110884,8.641189356075886,2.917172428056268,65,189,E14000893,Reigate
454,3.9257977086146005,3.242264158112866,0.3015214063209744,118,139,S14000021,East Renfrewshire
455,5.379088775502919,-11.570584377637836,-3.8798742440214697,148,4,W07000052,Rhondda
456,7.34735232149638,4.759905350968901,0.9807572552657018,186,157,E14000894,Ribble Valley
457,5.950878310734761,5.816673034810567,-1.3210106189461306,160,170,E14000895,Richmond (Yorks)
458,-11.50007693820984,14.255513778888519,-0.22765602475393806,22,200,E14000896,Richmond Park
459,-2.631672188356437,-8.217434347911915,3.9334212761684078,50,17,E14000897,Rochdale
460,1.9979227919399993,-0.040382059920547504,2.8075324496937037,86,100,E14000898,Rochester and Strood
461,-0.4742533140346658,-2.696428885825984,0.5567609743641844,63,63,E14000899,Rochford and Southend East
462,0.40384989836524415,1.3271311489803805,3.9979273918922473,66,115,E14000900,Romford
463,1.4291318234636754,6.777130123188122,-2.5329463846549336,79,177,E14000901,Romsey and Southampton North
464,5.092423828756546,1.5454449508666657,-2.2397696035366583,142,117,S14000055,"Ross, Skye and Lochaber"
465,4.266022681825895,-1.0019801247821076,0.8763139119369198,125,86,E14000902,Rossendale and Darwen
466,7.109051920805561,-1.8081121688316084,1.6292676566133526,182,76,E14000903,Rother Valley
467,0.9429878839297751,-9.773191431008993,1.8159568166849946,71,8,E14000904,Rotherham
468,2.19604320249142,2.329043608940765,2.183352043271778,88,128,E14000905,Rugby
469,-3.618905895576989,8.459607970084914,4.734351411307389,44,186,E14000906,"Ruislip, Northwood and Pinner"
470,-2.0039782803690755,8.990329635117122,-0.0927002535457129,56,190,E14000907,Runnymede and Weybridge
471,3.6733650806670766,8.068099851567018,-0.057227304962868285,113,185,E14000908,Rushcliffe
472,0.9582607228260337,-5.725995035591285,-1.6706407630678946,72,33,S14000056,Rutherglen and Hamilton West
473,6.41313148688893,5.903454221960999,0.9490683440519911,170,171,E14000909,Rutland and Melton
474,4.9099911808967915,7.991952744186217,3.6928414917830765,138,185,E14000910,Saffron Walden
475,-2.079209987318365,10.08047543421954,2.8543851669200246,55,194,E14000960,St Albans
476,6.016376972898311,-0.9769566490954145,-1.7783310236548424,162,87,E14000961,St Austell and Newquay
477,5.09766251713444,-5.393949378244472,0.32155524338911873,143,37,E14000962,St Helens North
478,4.262113367315456,-6.296673081679547,0.0223391181070799,124,30,E14000963,St Helens South and Whiston
479,5.860149400068662,0.752149213835426,-3.934630198041701,158,108,E14000964,St Ives
480,-6.160887798882798,-4.07734273620657,-5.517136921696594,33,49,E14000911,Salford and Eccles
481,4.664819283122127,5.757526669131898,-0.270338746993859,134,169,E14000912,Salisbury
482,5.418794185117495,-2.3090186822173706,-4.01658288431059,149,68,E14000913,Scarborough and Whitby
483,3.424574501760872,-5.493028170286286,1.2222896751665262,109,35,E14000914,Scunthorpe
484,6.500245107639808,-4.298220265822143,-0.5100807160910625,171,47,E14000915,Sedgefield
485,8.290167721618404,2.9332756884356743,-0.22820583672235079,199,135,E14000916,Sefton Central
486,6.833402122142167,4.307984439059415,2.2889158647822865,176,149,E14000917,Selby and Ainsty
487,3.8205663712903677,7.42443308273345,3.1204448877073148,115,182,E14000918,Sevenoaks
488,-4.565742621502772,-11.80051800485654,3.0511040863212147,38,3,E14000921,"Sheffield, Brightside and Hillsborough"
489,-15.92060456446978,-0.035183930904327976,-15.780030108360199,14,101,E14000919,Sheffield Central
490,2.235083501740517,8.573353701368514,-4.9239751964903915,89,188,E14000922,"Sheffield, Hallam"
491,0.6296488151159809,-5.423538548671619,-1.5095234694294046,69,36,E14000923,"Sheffield, Heeley"
492,2.5808575339488216,-5.165429179390598,2.326803163578636,97,38,E14000920,Sheffield South East
493,6.727077934718604,-1.8028284088114075,0.6173247883362861,174,76,E14000924,Sherwood
494,3.9272196918501328,3.7322951599159375,0.6383693919755128,118,143,E14000925,Shipley
495,5.278214781468776,2.197231946546455,-0.40251100642392745,146,126,E14000926,Shrewsbury and Atcham
496,6.370835508821551,1.567962550138808,0.2453480821420871,169,117,E14000849,North Shropshire
497,4.122444927251258,-2.829490030620688,3.2718110524181916,123,60,E14000927,Sittingbourne and Sheppey
498,6.8293235467519136,6.145183369240399,-0.46253493121748185,176,172,E14000928,Skipton and Ripon
499,8.009087130711942,3.3668509841288152,0.5363381394884832,195,140,E14000929,Sleaford and North Hykeham
500,-13.564406896266734,-2.0156293185688763,10.797018268932494,19,74,E14000930,Slough
501,3.5697478482395466,4.33489604117654,2.8161888354580924,111,150,E14000931,Solihull
502,6.838753904903214,7.475806840771493,0.8201644136707937,177,182,E14000850,North Somerset
503,7.1737902059968395,4.7472113513441405,1.138298473127099,183,156,E14000846,North East Somerset
504,7.108575750161344,4.657508476296822,0.3035915631447877,182,154,E14000932,Somerton and Frome
505,6.3605522838963635,-0.5661042466724352,1.7017720900533264,168,93,E14000939,South Holland and The Deepings
506,6.683437440997818,2.8695504598662396,1.1362829344410224,173,135,E14000943,South Ribble
507,2.4651485692554083,-9.33802857617232,-1.9421421749704184,94,10,E14000944,South Shields
508,-2.7782783719923825,-1.8310310642175593,-2.48024006918457,49,76,E14000955,"Southampton, Itchen"
509,-7.903872971824962,-0.9571069464248831,-3.5453459372803082,28,88,E14000956,"Southampton, Test"
510,2.402589112897215,2.7025058651725864,0.7306192437203433,93,133,E14000957,Southend West
511,4.437390852190094,-0.3100392187009649,-2.2075426386180967,128,97,E14000958,Southport
512,0.30997424411515456,4.898949062080109,4.28396868240323,65,158,E14000959,Spelthorne
513,3.8078511576991856,2.033699939325738,-0.8519927998774682,115,124,E14000965,Stafford
514,8.369733963454792,1.657228404300179,-0.05140302710366719,199,118,E14000966,Staffordshire Moorlands
515,7.6486773354777515,2.0495651886406328,1.603216551566632,191,125,E14000945,South Staffordshire
516,3.1254040565035814,-3.8118378528396173,0.9303593696756945,105,50,E14000967,Stalybridge and Hyde
517,0.5330298243520217,0.9473328907939792,3.3855913002797218,67,110,E14000968,Stevenage
518,1.8037613354678947,1.2433793232176733,-4.452608230957088,82,114,S14000057,Stirling
519,-1.139517357046554,-2.031052532894988,-0.08983137899110082,61,73,E14000969,Stockport
520,3.2777254354581706,-8.47298082091172,0.1030050687758582,107,14,E14000970,Stockton North
521,3.96649295726867,0.15423958616047592,1.4908992287550384,119,103,E14000971,Stockton South
522,-2.5452224748907666,-8.337006688981512,-2.9887228645321122,51,15,E14000972,Stoke-on-Trent Central
523,2.1049212480982145,-8.366950137028546,1.068090079803093,87,15,E14000973,Stoke-on-Trent North
524,3.774414062755738,-6.973203338623059,0.778205934847232,114,23,E14000974,Stoke-on-Trent South
525,8.051898248183875,4.382438472500712,0.1281190027360898,197,151,E14000975,Stone
526,4.5853010526417615,-2.041590243331805,2.215202958791371,132,73,E14000976,Stourbridge
527,5.636036328613129,6.874721171982575,-0.09451867753176449,153,178,E14000977,Stratford-on-Avon
528,-22.41451848899605,6.105844756328358,-0.08389283683268069,6,172,E14000978,Streatham
529,-2.0281794615250672,-2.0435525816864732,2.7802308111537233,56,72,E14000979,Stretford and Urmston
530,6.214708615726574,5.0487348201678115,0.8216915670882038,165,162,E14000980,Stroud
531,6.9366429707241535,3.9996200228811083,2.6480277247652735,179,145,E14000624,Central Suffolk and North Ipswich
532,7.09461636487041,2.5867446021311427,-1.53248426684283,181,130,E14000981,Suffolk Coastal
533,7.153726179068071,4.00865796897964,0.7991117697191571,183,146,E14000946,South Suffolk
534,0.5175012564986631,3.965701238970796,0.9728044251850113,67,145,E14001034,West Suffolk
535,0.6187678813243919,-7.074964785940004,-3.801191431050777,68,23,E14000982,Sunderland Central
536,3.2986297561638893,7.774897771129983,3.267285731477785,107,184,E14000681,East Surrey
537,2.3099869253951573,9.279312128543054,4.205117460197548,90,192,E14000983,Surrey Heath
538,2.588818643012732,10.514578029260804,1.6428842232334104,97,196,E14000953,South West Surrey
539,3.0117881626892524,8.4794875188245,2.5147599443334916,102,187,E14000817,Mid Sussex
540,-4.205967864442992,6.683468862108436,3.5297192516067493,41,177,E14000984,Sutton and Cheam
541,3.8642859041887476,5.8301448592046485,2.2187314526726976,116,170,E14000985,Sutton Coldfield
542,2.356876874549112,-7.948686122242456,-1.8125533667367053,91,19,W07000048,Swansea East
543,-3.808034677039065,-3.1575498082554514,-11.63427972368321,43,54,W07000047,Swansea West
544,2.473947804320981,1.906667584538008,3.3682327713683833,94,122,E14000851,North Swindon
545,-1.5117647211546248,1.297003347686376,2.5022031116305983,59,114,E14000947,South Swindon
546,5.028614797676845,-1.1846573090737698,3.0327120711230777,140,84,E14000986,Tamworth
547,4.575035230143408,7.032774461717464,0.20697352889470733,131,179,E14000987,Tatton
548,5.522056687039339,2.735280889775925,-0.6347822973829365,151,134,E14000988,Taunton Deane
549,1.9366508757225884,-5.189087221245572,2.5072053907346534,85,38,E14000989,Telford
550,5.981723806803346,5.397950357672093,0.39946529604531716,161,166,E14000990,Tewkesbury
551,4.774805086954406,-2.9281258205198846,-0.9054044976095336,136,58,E14000852,North Thanet
552,2.6421445603047533,-3.0998985473253553,-1.4512753657177175,98,55,E14000948,South Thanet
553,7.8624737889182565,4.073045315503088,-1.4537640922318182,194,147,E14000993,Thirsk and Malton
554,7.396605036151943,5.515904761540785,2.5143608538756226,188,167,E14000994,Thornbury and Yate
555,-2.369457234257246,-3.1675909723311935,6.566752019172946,53,53,E14000995,Thurrock
556,8.100363859975339,2.8600570472022797,-1.0418395733417865,197,134,E14000996,Tiverton and Honiton
557,4.029830355410917,6.393175326631474,3.97990131454508,121,175,E14000997,Tonbridge and Malling
558,-18.089521197428684,9.91271547455838,-1.48807578808789,11,194,E14000998,Tooting
559,3.8636064431139276,-2.696399817857594,-3.772859208346867,116,63,E14000999,Torbay
560,5.4419007380527065,-6.607941517645908,-0.6694505747177473,150,27,W07000053,Torfaen
561,7.094526621248715,1.9797841646855412,-3.4671824245059164,181,123,E14001001,Totnes
562,-26.791391961566056,-4.3695710019423295,4.300221758315023,0,46,E14001002,Tottenham
563,4.325150115938619,2.857096569716486,-4.007895860668795,126,134,E14001003,Truro and Falmouth
564,1.2552215456614004,7.048931098097772,1.8427155325343174,76,180,E14001004,Tunbridge Wells
565,-7.26575436263682,12.37286551303361,0.6052857654227111,30,199,E14001005,Twickenham
566,4.250229863906267,0.44835755294212876,-1.17716315382945,124,106,E14001006,Tynemouth
567,3.1220730904627363,-4.82112304515661,-1.5101151801145185,105,42,E14000853,North Tyneside
568,-7.903622740247221,3.0045379278771893,2.6945176670976343,28,136,E14001007,Uxbridge and South Ruislip
569,5.42548554778959,-4.9904343973860215,-3.1765711049642746,150,40,W07000060,Vale of Clwyd
570,4.584174165288549,-0.9656976313416438,-0.5821301412484051,132,88,W07000078,Vale of Glamorgan
571,-26.09109307303307,5.781987448028125,-4.094124166168682,1,169,E14001008,Vauxhall
572,2.134701633081447,-3.829803809308734,0.8047357100219076,87,50,E14001009,Wakefield
573,2.6178421638377563,-6.301649692175944,-0.8433912339183168,98,30,E14001010,Wallasey
574,0.6813577237222971,-12.5966608973659,3.4005522505300525,70,1,E14001011,Walsall North
575,-4.753388901677234,-9.652540293923995,5.740713185567392,38,9,E14001012,Walsall South
576,-20.776506598663488,-1.6124591245885669,5.829959507367726,7,79,E14001013,Walthamstow
577,5.929848877433741,-4.9774589191271374,-1.5343223725886748,159,40,E14001014,Wansbeck
578,3.4553580169149782,8.089710044384,2.1078751376765235,110,186,E14001015,Wantage
579,-7.590059736898767,-9.658129139609409,5.731510584002127,29,9,E14001016,Warley
580,3.3687377600845694,-1.942593442826121,1.212960462917324,108,74,E14001017,Warrington North
581,3.9414160832350063,3.5144020656842825,2.4003247139271937,118,142,E14001018,Warrington South
582,-2.768512731131036,4.9947416791724955,-2.2615046712682436,50,160,E14001019,Warwick and Leamington
583,5.837902215215186,-1.467755617413452,2.389249568857319,157,82,E14000854,North Warwickshire
584,4.542784048170547,-8.267631422629245,0.9736388989159277,130,17,E14001020,Washington and Sunderland West
585,-5.171840769754149,4.678789189065325,4.657717058213363,35,155,E14001021,Watford
586,6.69257919861465,-4.107441266487235,-1.1511394245827224,173,49,E14001022,Waveney
587,5.775291435922312,6.989272455591063,2.092248560251382,156,179,E14001023,Wealden
588,4.82106047859819,0.04153605721270035,1.8616780876344308,137,101,E14001024,Weaver Vale
589,2.2416632116682633,-1.0105485525023927,3.126495412394211,89,86,E14001025,Wellingborough
590,6.566714447564699,2.67994422196483,-0.3292029044740508,172,132,E14001026,Wells
591,-3.231003208446788,3.3704819616915374,-0.6749345973514518,47,140,E14001027,Welwyn Hatfield
592,5.705533148434363,-6.998457616701697,0.8006384527595453,154,23,E14001028,Wentworth and Dearne
593,-3.274855805433574,-10.2988107170484,5.047209478175357,47,6,E14001029,West Bromwich East
594,-1.6036466253804147,-11.464683886629476,4.636560410628113,59,4,E14001030,West Bromwich West
595,-25.63831778910093,-5.286845021891505,5.5037379845955945,2,38,E14001032,West Ham
596,-28.09813176092271,6.01511010099177,-3.4235619545831297,0,171,E14001036,Westminster North
597,7.4517248371036775,5.577169162614772,-3.250151866575504,189,168,E14001037,Westmorland and Lonsdale
598,4.611820646886669,-0.16634165799813627,-1.4829880885209756,133,99,E14001038,Weston-Super-Mare
599,4.05287207337686,-5.465910326511996,0.40132506420781117,122,36,E14001039,Wigan
600,5.551780968322938,7.587678929620571,2.0102175804116613,151,183,E14000860,North Wiltshire
601,4.960704744236543,3.006808549189746,0.4932427438061021,138,136,E14000954,South West Wiltshire
602,-12.914216399885671,14.737364646638012,0.29229809473451374,20,200,E14001040,Wimbledon
603,2.434314346258827,8.839355345251853,-1.8111721792810225,93,190,E14001041,Winchester
604,-1.7351150976040373,10.315552764850336,3.345359890679725,58,195,E14001042,Windsor
605,6.928945337768931,2.0434129818332463,-0.5963447884706629,178,125,E14001043,Wirral South
606,6.697238211930546,1.9619519995731058,-1.163803009695594,174,122,E14001044,Wirral West
607,5.896877020680671,3.7318802738871013,2.4099711280608744,158,143,E14001045,Witham
608,4.553905512104975,8.522750131097753,1.0834186832304076,131,188,E14001046,Witney
609,-2.1549385955299027,9.05185069493662,3.7439183177193525,54,191,E14001047,Woking
610,1.1968014336339694,11.562700373229333,4.520445158986494,75,198,E14001048,Wokingham
611,-2.7872124443710367,-11.65176703255487,3.3431172574208343,49,3,E14001049,Wolverhampton North East
612,-3.9871319453559866,-13.091239014172466,4.898867258601944,43,1,E14001050,Wolverhampton South East
613,-4.819479715517391,-2.9787664077670093,1.4131206264240084,37,57,E14001051,Wolverhampton South West
614,0.8291794632274087,0.7913463572455112,-0.5397870393334021,71,109,E14001052,Worcester
615,6.428581299396478,3.5848272612999716,1.687071421501387,171,142,E14000818,Mid Worcestershire
616,7.328397155979598,4.38927887099598,-0.8718826448152199,186,151,E14001035,West Worcestershire
617,8.050900249211852,-2.8578402058897994,-1.0707043374822098,196,60,E14001053,Workington
618,1.6645792546493963,-5.145377440701938,1.2604987994874932,81,39,E14001054,Worsley and Eccles South
619,4.512732504812643,1.8449124820541496,0.4598922393735846,129,121,E14000682,East Worthing and Shoreham
620,4.723378312990442,1.9024219389261596,-3.26133338300363,136,122,E14001055,Worthing West
621,3.8926458301371265,0.68176246636161,1.2467012603876664,117,107,E14000992,The Wrekin
622,3.0188378657778587,-3.0142628643036624,-1.8545795965853342,102,56,W07000044,Wrexham
623,-3.4618864907061084,5.0348686741295445,4.771112399220378,46,162,E14001056,Wycombe
624,7.917646331957945,5.569991572144458,-0.2593824183774904,194,167,E14001057,Wyre and Preston North
625,6.00722561541375,-1.2054177022700414,0.18127451856646146,162,83,E14001058,Wyre Forest
626,-3.758709195624975,-4.608409811112603,0.34146143458023726,43,45,E14001059,Wythenshawe and Sale East
627,6.578484406844545,1.775753984858501,-0.5584581860386457,172,119,E14001060,Yeovil
628,6.629194167860024,-2.8680143913781326,-4.112998784347591,173,59,W07000041,Ynys Mn
629,-4.401726073680066,2.014279658972705,-7.40268192507629,40,124,E14001061,York Central
630,6.292511724839686,6.098138087776645,-1.9384128692062657,166,172,E14001062,York Outer
631,7.655988840074906,-0.5242026979658,-1.9883244407187264,191,94,E14000683,East Yorkshire
